id1,id2,date,node_x,node_y
9203210,9801208,1992-03-15,638,631
9303219,9801208,1993-03-04,1073,631
9310203,9801208,1993-10-01,654,631
9203210,9801209,1992-03-15,638,632
9303219,9801209,1993-03-04,1073,632
9203222,9908362,1992-03-27,645,117
9204229,9908362,1992-04-22,925,117
9207223,9908362,1992-07-08,1427,117
9207270,9908362,1992-07-29,1457,117
9209277,9908362,1992-09-24,249,117
9211302,9908362,1992-11-24,615,117
9302269,9908362,1993-02-17,812,117
9303220,9908362,1993-03-04,1074,117
9304302,9908362,1993-04-27,1281,117
9305297,9908362,1993-05-21,1384,117
9306320,9908362,1993-06-26,73,117
9307290,9908362,1993-07-17,165,117
9307291,9908362,1993-07-18,166,117
9308369,9908362,1993-08-31,380,117
9205220,9506358,1992-05-13,1150,648
9207224,9506358,1992-07-09,1428,648
9205224,9204213,1992-05-19,1153,915
9205230,9203206,1992-05-22,1158,636
9207208,9203206,1992-07-02,1416,636
9207243,9203206,1992-07-15,1442,636
9209208,9203206,1992-09-03,212,636
9209285,9203206,1992-09-28,252,636
9212219,9203206,1992-12-03,850,636
9212318,9203206,1992-12-31,905,636
9303245,9203206,1993-03-11,1093,636
9304229,9203206,1993-04-07,1247,636
9305259,9203206,1993-05-12,1365,636
9306293,9203206,1993-06-21,55,636
9307214,9203206,1993-07-02,126,636
9309319,9203206,1993-09-23,510,636
9310260,9203206,1993-10-11,689,636
9310366,9203206,1993-10-27,759,636
9310374,9203206,1993-10-29,765,636
9311371,9203206,1993-11-29,1054,636
9206222,9204220,1992-06-15,1304,920
9206255,9204220,1992-06-26,1325,920
9206261,9204220,1992-06-29,1327,920
9311351,9204220,1993-11-23,1039,920
9206248,9612326,1992-06-25,1321,446
9206252,9203207,1992-06-26,1323,637
9207201,9203215,1992-07-01,1412,641
9304281,9203215,1993-04-21,1272,641
9304310,9203215,1993-04-27,1287,641
9306321,9203215,1993-06-28,74,641
9311259,9203215,1993-11-10,974,641
9207201,9203216,1992-07-01,1412,642
9304310,9203216,1993-04-27,1287,642
9311259,9203216,1993-11-10,974,642
9312238,9203216,1993-12-07,1204,642
9207201,9205226,1992-07-01,1412,1154
9207213,9206242,1992-07-03,1420,1317
9207264,9206242,1992-07-27,1452,1317
9212269,9206242,1992-12-16,876,1317
9212271,9206242,1992-12-16,877,1317
9212284,9206242,1992-12-18,885,1317
9301232,9206242,1993-01-12,534,1317
9302201,9206242,1993-02-01,770,1317
9302287,9206242,1993-02-22,823,1317
9304294,9206242,1993-04-23,1277,1317
9306264,9206242,1993-06-11,35,1317
9307265,9206242,1993-07-13,156,1317
9308219,9206242,1993-08-03,280,1317
9308275,9206242,1993-08-13,318,1317
9308321,9206242,1993-08-23,347,1317
9309287,9206242,1993-09-18,486,1317
9310230,9206242,1993-10-05,671,1317
9207230,9204232,1992-07-09,1431,926
9311227,9204232,1993-11-04,950,926
9207237,9203220,1992-07-14,1436,644
9209232,9203220,1992-09-14,221,644
9209250,9203220,1992-09-17,232,644
9211207,9203220,1992-11-02,571,644
9212267,9203220,1992-12-15,874,644
9301258,9203220,1993-01-21,547,644
9303303,9203220,1993-03-24,1126,644
9304295,9203220,1993-04-23,1278,644
9305236,9203220,1993-05-10,1355,644
9305316,9203220,1993-05-25,1394,644
9305339,9203220,1993-05-27,1405,644
9306205,9203220,1993-06-01,3,644
9306309,9203220,1993-06-23,65,644
9307275,9203220,1993-07-14,159,644
9307308,9203220,1993-07-20,174,644
9307344,9203220,1993-07-27,194,644
9308233,9203220,1993-08-05,288,644
9308333,9203220,1993-08-24,355,644
9311227,9203220,1993-11-04,950,644
9311252,9203220,1993-11-09,969,644
9311251,9203220,1993-11-09,968,644
9207236,9205221,1992-07-14,1435,1151
9308210,9205221,1993-08-03,275,1151
9311206,9205221,1993-11-01,936,1151
9311218,9205221,1993-11-03,943,1151
9311331,9205221,1993-11-22,1024,1151
9312233,9205221,1993-12-06,1200,1151
9208205,9205247,1992-08-04,82,1170
9211234,9205247,1992-11-09,588,1170
9302207,9205247,1993-02-03,775,1170
9302282,9205247,1993-02-19,821,1170
9304267,9205247,1993-04-19,1267,1170
9306318,9205247,1993-06-25,71,1170
9308209,9205247,1993-08-02,274,1170
9308217,9205247,1993-08-03,279,1170
9308315,9205247,1993-08-21,342,1170
9311249,9205247,1993-11-09,966,1170
9208231,9203203,1992-08-18,96,635
9209233,9203203,1992-09-14,222,635
9210278,9203203,1992-10-29,426,635
9211211,9203203,1992-11-04,573,635
9211218,9203203,1992-11-06,577,635
9211303,9203203,1992-11-25,616,635
9211334,9203203,1992-11-30,630,635
9212216,9203203,1992-12-03,849,635
9212235,9203203,1992-12-07,861,635
9212248,9203203,1992-12-10,864,635
9212288,9203203,1992-12-20,889,635
9301217,9203203,1993-01-07,527,635
9301228,9203203,1993-01-11,532,635
9301231,9203203,1993-01-12,533,635
9302205,9203203,1993-02-02,773,635
9302210,9203203,1993-02-03,778,635
9302258,9203203,1993-02-12,805,635
9302314,9203203,1993-02-26,840,635
9302321,9203203,1993-02-28,846,635
9303251,9203203,1993-03-12,1096,635
9303282,9203203,1993-03-18,1115,635
9303317,9203203,1993-03-30,1133,635
9304254,9203203,1993-04-14,1258,635
9304256,9203203,1993-04-15,1260,635
9304284,9203203,1993-04-21,1274,635
9305201,9203203,1993-05-03,1330,635
9305222,9203203,1993-05-06,1345,635
9305275,9203203,1993-05-17,1376,635
9305345,9203203,1993-05-28,1409,635
9306238,9203203,1993-06-07,21,635
9306296,9203203,1993-06-21,58,635
9307203,9203203,1993-07-01,120,635
9307253,9203203,1993-07-12,149,635
9307268,9203203,1993-07-14,158,635
9307284,9203203,1993-07-16,163,635
9307335,9203203,1993-07-26,191,635
9308234,9203203,1993-08-06,289,635
9308273,9203203,1993-08-13,316,635
9308364,9203203,1993-08-30,378,635
9309242,9203203,1993-09-08,460,635
9309257,9203203,1993-09-13,471,635
9309320,9203203,1993-09-23,511,635
9311278,9203203,1993-11-11,985,635
9311296,9203203,1993-11-15,999,635
9311334,9203203,1993-11-22,1027,635
9311333,9203203,1993-11-22,1026,635
9311346,9203203,1993-11-23,1035,635
9311353,9203203,1993-11-24,1041,635
9311367,9203203,1993-11-26,1052,635
9312208,9203203,1993-12-01,1179,635
9312215,9203203,1993-12-02,1186,635
9312221,9203203,1993-12-05,1191,635
9208230,9205230,1992-08-18,95,1158
9209206,9205230,1992-09-02,210,1158
9209285,9205230,1992-09-28,252,1158
9212219,9205230,1992-12-03,850,1158
9212318,9205230,1992-12-31,905,1158
9301213,9205230,1993-01-06,525,1158
9302276,9205230,1993-02-18,816,1158
9303240,9205230,1993-03-10,1090,1158
9305204,9205230,1993-05-03,1332,1158
9309223,9205230,1993-09-03,447,1158
9310368,9205230,1993-10-28,761,1158
9311204,9205230,1993-11-01,934,1158
9311359,9205230,1993-11-24,1046,1158
9312222,9205230,1993-12-06,1192,1158
9208230,9203202,1992-08-18,95,634
9208262,9203202,1992-08-31,116,634
9309316,9203202,1993-09-23,507,634
9208244,9204207,1992-08-24,105,911
9209262,9204207,1992-09-21,242,911
9211267,9204207,1992-11-18,606,911
9301223,9204207,1993-01-08,530,911
9302265,9204207,1993-02-16,809,911
9304265,9204207,1993-04-16,1266,911
9304305,9204207,1993-04-27,1283,911
9305235,9204207,1993-05-10,1354,911
9305298,9204207,1993-05-21,1385,911
9306310,9204207,1993-06-24,66,911
9307290,9204207,1993-07-17,165,911
9308226,9204207,1993-08-04,283,911
9310362,9204207,1993-10-27,756,911
9311242,9204207,1993-11-08,962,911
9208244,9203225,1992-08-24,105,647
9209239,9203225,1992-09-15,224,647
9209262,9203225,1992-09-21,242,647
9212205,9203225,1992-12-01,263,647
9302296,9203225,1993-02-24,828,647
9303207,9203225,1993-03-02,1068,647
9305211,9203225,1993-05-04,1339,647
9305235,9203225,1993-05-10,1354,647
9305340,9203225,1993-05-27,1406,647
9308210,9203225,1993-08-03,275,647
9308283,9203225,1993-08-17,323,647
9308285,9203225,1993-08-17,325,647
9309301,9203225,1993-09-20,499,647
9311304,9203225,1993-11-17,1004,647
9209208,9205229,1992-09-03,212,1157
9305208,9205229,1993-05-04,1336,1157
9306293,9205229,1993-06-21,55,1157
9209213,9310316,1992-09-04,213,726
9305306,9310316,1993-05-24,1388,726
9306289,9310316,1993-06-18,51,726
9306288,9310316,1993-06-18,50,726
9308263,9310316,1993-08-11,308,726
9310272,9310316,1993-10-12,694,726
9311285,9310316,1993-11-12,991,726
9311330,9310316,1993-11-22,1023,726
9312237,9310316,1993-12-07,1203,726
9312261,9310316,1993-12-09,1218,726
9312264,9310316,1993-12-13,1221,726
9209220,9206203,1992-09-07,215,1293
9209232,9206203,1992-09-14,221,1293
9210235,9206203,1992-10-14,402,1293
9210240,9206203,1992-10-15,404,1293
9211228,9206203,1992-11-07,586,1293
9303202,9206203,1993-03-01,1064,1293
9303273,9206203,1993-03-17,1108,1293
9305216,9206203,1993-05-06,1341,1293
9305248,9206203,1993-05-11,1360,1293
9306207,9206203,1993-06-01,4,1293
9307211,9206203,1993-07-02,124,1293
9308323,9206203,1993-08-23,349,1293
9308329,9206203,1993-08-24,353,1293
9308357,9206203,1993-08-29,373,1293
9309277,9206203,1993-09-16,481,1293
9309281,9206203,1993-09-17,484,1293
9309293,9206203,1993-09-20,492,1293
9310211,9206203,1993-10-03,657,1293
9310215,9206203,1993-10-04,661,1293
9311241,9206203,1993-11-08,961,1293
9209233,9203201,1992-09-14,222,633
9210278,9203201,1992-10-29,426,633
9211211,9203201,1992-11-04,573,633
9211334,9203201,1992-11-30,630,633
9212224,9203201,1992-12-04,852,633
9212235,9203201,1992-12-07,861,633
9212248,9203201,1992-12-10,864,633
9212288,9203201,1992-12-20,889,633
9301231,9203201,1993-01-12,533,633
9301285,9203201,1993-01-27,561,633
9302210,9203201,1993-02-03,778,633
9302258,9203201,1993-02-12,805,633
9302316,9203201,1993-02-26,842,633
9303282,9203201,1993-03-18,1115,633
9304254,9203201,1993-04-14,1258,633
9304255,9203201,1993-04-15,1259,633
9304284,9203201,1993-04-21,1274,633
9305222,9203201,1993-05-06,1345,633
9305275,9203201,1993-05-17,1376,633
9307335,9203201,1993-07-26,191,633
9308234,9203201,1993-08-06,289,633
9309214,9203201,1993-09-02,441,633
9311334,9203201,1993-11-22,1027,633
9311333,9203201,1993-11-22,1026,633
9311353,9203201,1993-11-24,1041,633
9312208,9203201,1993-12-01,1179,633
9312215,9203201,1993-12-02,1186,633
9312278,9203201,1993-12-14,1230,633
9209244,9207278,1992-09-16,227,1460
9304293,9207278,1993-04-23,1276,1460
9305324,9207278,1993-05-26,1400,1460
9307223,9207278,1993-07-05,129,1460
9310201,9207278,1993-10-01,652,1460
9312238,9207278,1993-12-07,1204,1460
9209246,9208233,1992-09-16,229,98
9212279,9208233,1992-12-17,882,98
9209268,9204237,1992-09-23,244,928
9302269,9204237,1993-02-17,812,928
9306320,9204237,1993-06-26,73,928
9308226,9204237,1993-08-04,283,928
9308337,9204237,1993-08-25,358,928
9309309,9204237,1993-09-21,502,928
9310362,9204237,1993-10-27,756,928
9209272,9204212,1992-09-23,247,914
9304217,9204212,1993-04-05,1241,914
9305306,9204212,1993-05-24,1388,914
9308259,9204212,1993-08-11,304,914
9310272,9204212,1993-10-12,694,914
9311250,9204212,1993-11-09,967,914
9311244,9204212,1993-11-09,964,914
9209272,9205228,1992-09-23,247,1156
9301223,9205228,1993-01-08,530,1156
9302269,9205228,1993-02-17,812,1156
9304265,9205228,1993-04-16,1266,1156
9305304,9205228,1993-05-24,1387,1156
9306214,9205228,1993-06-02,9,1156
9306277,9205228,1993-06-15,40,1156
9306320,9205228,1993-06-26,73,1156
9307216,9205228,1993-07-02,127,1156
9307291,9205228,1993-07-18,166,1156
9307307,9205228,1993-07-20,173,1156
9308246,9205228,1993-08-08,295,1156
9308262,9205228,1993-08-11,307,1156
9308283,9205228,1993-08-17,323,1156
9308369,9205228,1993-08-31,380,1156
9309272,9205228,1993-09-15,479,1156
9310356,9205228,1993-10-27,751,1156
9310362,9205228,1993-10-27,756,1156
9311212,9205228,1993-11-02,939,1156
9311232,9205228,1993-11-05,953,1156
9311304,9205228,1993-11-17,1004,1156
9312209,9205228,1993-12-01,1180,1156
9312225,9205228,1993-12-06,1195,1156
9209272,9204206,1992-09-23,247,910
9211216,9204206,1992-11-06,576,910
9301208,9204206,1993-01-05,523,910
9306277,9204206,1993-06-15,40,910
9306320,9204206,1993-06-26,73,910
9308226,9204206,1993-08-04,283,910
9311212,9204206,1993-11-02,939,910
9209277,9908363,1992-09-24,249,744
9211302,9908363,1992-11-24,615,744
9212266,9908363,1992-12-15,873,744
9303220,9908363,1993-03-04,1074,744
9305304,9908363,1993-05-24,1387,744
9306320,9908363,1993-06-26,73,744
9307290,9908363,1993-07-17,165,744
9307291,9908363,1993-07-18,166,744
9310356,9908363,1993-10-27,751,744
9209285,9207209,1992-09-28,252,1417
9209299,9207209,1992-09-30,260,1417
9304255,9207209,1993-04-15,1259,1417
9306252,9207209,1993-06-09,28,1417
9306278,9207209,1993-06-16,41,1417
9307316,9207209,1993-07-21,179,1417
9311359,9207209,1993-11-24,1046,1417
9209292,9203210,1992-09-29,256,638
9212305,9203210,1992-12-22,898,638
9304244,9203210,1993-04-12,1254,638
9307211,9203210,1993-07-02,124,638
9308209,9203210,1993-08-02,274,638
9209295,9206205,1992-09-29,258,1294
9212278,9206205,1992-12-17,881,1294
9301287,9206205,1993-01-27,563,1294
9302267,9206205,1993-02-17,811,1294
9303225,9206205,1993-03-04,1077,1294
9303241,9206205,1993-03-10,1091,1294
9303249,9206205,1993-03-11,1095,1294
9303303,9206205,1993-03-24,1126,1294
9305289,9206205,1993-05-19,1381,1294
9308277,9206205,1993-08-15,320,1294
9308363,9206205,1993-08-30,377,1294
9309240,9206205,1993-09-07,458,1294
9310274,9206205,1993-10-12,696,1294
9310320,9206205,1993-10-20,728,1294
9209299,9207207,1992-09-30,260,1415
9302290,9207207,1993-02-22,825,1415
9209296,9206212,1992-09-30,259,1297
9302205,9206212,1993-02-02,773,1297
9302210,9206212,1993-02-03,778,1297
9210209,9205210,1992-10-05,389,1144
9303225,9205210,1993-03-04,1077,1144
9305324,9205210,1993-05-26,1400,1144
9305330,9205210,1993-05-27,1401,1144
9308204,9205210,1993-08-02,269,1144
9308351,9205210,1993-08-27,370,1144
9309268,9205210,1993-09-15,475,1144
9210221,9203213,1992-10-08,395,640
9301239,9203213,1993-01-14,538,640
9304205,9203213,1993-04-02,1235,640
9305204,9203213,1993-05-03,1332,640
9210227,9204216,1992-10-09,397,918
9212235,9204216,1992-12-07,861,918
9302210,9204216,1993-02-03,778,918
9303251,9204216,1993-03-12,1096,918
9303269,9204216,1993-03-16,1104,918
9304254,9204216,1993-04-14,1258,918
9304284,9204216,1993-04-21,1274,918
9305222,9204216,1993-05-06,1345,918
9306294,9204216,1993-06-21,56,918
9307268,9204216,1993-07-14,158,918
9309320,9204216,1993-09-23,511,918
9311278,9204216,1993-11-11,985,918
9311334,9204216,1993-11-22,1027,918
9210223,9206266,1992-10-09,396,1329
9212299,9206266,1992-12-22,896,1329
9301228,9206266,1993-01-11,532,1329
9301285,9206266,1993-01-27,561,1329
9302205,9206266,1993-02-02,773,1329
9302210,9206266,1993-02-03,778,1329
9303317,9206266,1993-03-30,1133,1329
9304267,9206266,1993-04-19,1267,1329
9305275,9206266,1993-05-17,1376,1329
9308234,9206266,1993-08-06,289,1329
9210233,9204204,1992-10-13,401,908
9210276,9204204,1992-10-29,424,908
9211292,9204204,1992-11-20,613,908
9306281,9204204,1993-06-17,44,908
9308346,9204204,1993-08-26,365,908
9308361,9204204,1993-08-30,376,908
9311338,9204204,1993-11-22,1030,908
9210257,9207219,1992-10-22,414,1425
9210280,9207219,1992-10-30,427,1425
9211228,9207219,1992-11-07,586,1425
9211286,9207219,1992-11-20,612,1425
9301267,9207219,1993-01-25,552,1425
9302234,9207219,1993-02-08,792,1425
9302259,9207219,1993-02-13,806,1425
9302317,9207219,1993-02-26,843,1425
9303231,9207219,1993-03-08,1081,1425
9304216,9207219,1993-04-05,1240,1425
9304235,9207219,1993-04-08,1251,1425
9304277,9207219,1993-04-20,1271,1425
9304298,9207219,1993-04-26,1279,1425
9306311,9207219,1993-06-24,67,1425
9307211,9207219,1993-07-02,124,1425
9308323,9207219,1993-08-23,349,1425
9308335,9207219,1993-08-25,356,1425
9308377,9207219,1993-08-31,384,1425
9310215,9207219,1993-10-04,661,1425
9310255,9207219,1993-10-09,686,1425
9311241,9207219,1993-11-08,961,1425
9311340,9207219,1993-11-22,1032,1425
9312272,9207219,1993-12-13,1227,1425
9210260,9204215,1992-10-23,416,917
9301258,9204215,1993-01-21,547,917
9302301,9204215,1993-02-24,832,917
9303320,9204215,1993-03-31,1135,917
9304295,9204215,1993-04-23,1278,917
9305236,9204215,1993-05-10,1355,917
9305312,9204215,1993-05-25,1390,917
9305316,9204215,1993-05-25,1394,917
9305339,9204215,1993-05-27,1405,917
9306205,9204215,1993-06-01,3,917
9306309,9204215,1993-06-23,65,917
9307344,9204215,1993-07-27,194,917
9308215,9204215,1993-08-03,278,917
9309250,9204215,1993-09-09,467,917
9310307,9204215,1993-10-18,720,917
9311227,9204215,1993-11-04,950,917
9311360,9204215,1993-11-24,1047,917
9210278,9209227,1992-10-29,426,218
9303282,9209227,1993-03-18,1115,218
9210275,9209248,1992-10-29,423,231
9211248,9209248,1992-11-16,596,231
9302296,9209248,1993-02-24,828,231
9303207,9209248,1993-03-02,1068,231
9304302,9209248,1993-04-27,1281,231
9308210,9209248,1993-08-03,275,231
9308285,9209248,1993-08-17,325,231
9309291,9209248,1993-09-20,490,231
9312225,9209248,1993-12-06,1195,231
9210280,9207237,1992-10-30,427,1436
9211325,9207237,1992-11-27,626,1436
9302205,9207237,1993-02-02,773,1436
9303240,9207237,1993-03-10,1090,1436
9303307,9207237,1993-03-25,1129,1436
9306333,9207237,1993-06-30,78,1436
9307211,9207237,1993-07-02,124,1436
9308323,9207237,1993-08-23,349,1436
9311310,9207237,1993-11-18,1009,1436
9311360,9207237,1993-11-24,1047,1436
9312217,9207237,1993-12-03,1187,1436
9210281,9203222,1992-10-30,428,645
9302269,9203222,1993-02-17,812,645
9303220,9203222,1993-03-04,1074,645
9303314,9203222,1993-03-30,1132,645
9306320,9203222,1993-06-26,73,645
9311294,9203222,1993-11-15,997,645
9211211,9204228,1992-11-04,573,924
9211219,9204228,1992-11-06,578,924
9211303,9204228,1992-11-25,616,924
9212235,9204228,1992-12-07,861,924
9301285,9204228,1993-01-27,561,924
9302210,9204228,1993-02-03,778,924
9303251,9204228,1993-03-12,1096,924
9303282,9204228,1993-03-18,1115,924
9303317,9204228,1993-03-30,1133,924
9304254,9204228,1993-04-14,1258,924
9304284,9204228,1993-04-21,1274,924
9305201,9204228,1993-05-03,1330,924
9305222,9204228,1993-05-06,1345,924
9307268,9204228,1993-07-14,158,924
9308234,9204228,1993-08-06,289,924
9309320,9204228,1993-09-23,511,924
9311334,9204228,1993-11-22,1027,924
9311333,9204228,1993-11-22,1026,924
9312265,9204228,1993-12-13,1222,924
9211223,9206222,1992-11-06,581,1304
9307309,9206222,1993-07-20,175,1304
9308326,9206222,1993-08-23,351,1304
9311320,9206222,1993-11-19,1017,1304
9211223,9206225,1992-11-06,581,1305
9305258,9206225,1993-05-12,1364,1305
9305265,9206225,1993-05-13,1369,1305
9307309,9206225,1993-07-20,175,1305
9307361,9206225,1993-07-29,200,1305
9308250,9206225,1993-08-09,298,1305
9310213,9206225,1993-10-04,659,1305
9311320,9206225,1993-11-19,1017,1305
9211223,9207249,1992-11-06,581,1445
9306265,9207249,1993-06-11,36,1445
9307309,9207249,1993-07-20,175,1445
9310367,9207249,1993-10-28,760,1445
9311320,9207249,1993-11-19,1017,1445
9211226,9212277,1992-11-06,584,880
9304309,9212277,1993-04-27,1286,880
9308313,9212277,1993-08-20,340,880
9310216,9212277,1993-10-04,662,880
9311287,9212277,1993-11-12,992,880
9211225,9206261,1992-11-06,583,1327
9302247,9206261,1993-02-11,798,1327
9211219,9206227,1992-11-06,578,1306
9212248,9206227,1992-12-10,864,1306
9301271,9206227,1993-01-26,555,1306
9301285,9206227,1993-01-27,561,1306
9302205,9206227,1993-02-02,773,1306
9302314,9206227,1993-02-26,840,1306
9303317,9206227,1993-03-30,1133,1306
9304254,9206227,1993-04-14,1258,1306
9304284,9206227,1993-04-21,1274,1306
9305222,9206227,1993-05-06,1345,1306
9308234,9206227,1993-08-06,289,1306
9309257,9206227,1993-09-13,471,1306
9310335,9206227,1993-10-22,738,1306
9311278,9206227,1993-11-11,985,1306
9311333,9206227,1993-11-22,1026,1306
9211236,9207269,1992-11-10,589,1456
9211258,9207269,1992-11-17,602,1456
9301231,9207269,1993-01-12,533,1456
9304255,9207269,1993-04-15,1259,1456
9306209,9207269,1993-06-02,6,1456
9308239,9207269,1993-08-06,292,1456
9309201,9207269,1993-09-01,431,1456
9309214,9207269,1993-09-02,441,1456
9309216,9207269,1993-09-02,442,1456
9310333,9207269,1993-10-21,736,1456
9312278,9207269,1993-12-14,1230,1456
9211244,9207214,1992-11-13,594,1421
9212227,9207214,1992-12-06,855,1421
9212233,9207214,1992-12-07,859,1421
9406284,9207214,1993-06-11,265,1421
9307247,9207214,1993-07-11,144,1421
9307291,9207214,1993-07-18,166,1421
9408213,9207214,1993-08-02,649,1421
9308262,9207214,1993-08-11,307,1421
9308287,9207214,1993-08-17,326,1421
9308288,9207214,1993-08-17,327,1421
9310285,9207214,1993-10-14,704,1421
9310360,9207214,1993-10-27,754,1421
9311206,9207214,1993-11-01,936,1421
9311215,9207214,1993-11-02,942,1421
9311218,9207214,1993-11-03,943,1421
9311243,9207214,1993-11-09,963,1421
9311308,9207214,1993-11-17,1007,1421
9311337,9207214,1993-11-22,1029,1421
9311331,9207214,1993-11-22,1024,1421
9311339,9207214,1993-11-23,1031,1421
9312229,9207214,1993-12-06,1197,1421
9312234,9207214,1993-12-06,1201,1421
9211248,9206241,1992-11-16,596,1316
9212220,9206241,1992-12-03,851,1316
9301241,9206241,1993-01-15,539,1316
9302247,9206241,1993-02-11,798,1316
9302265,9206241,1993-02-16,809,1316
9303208,9206241,1993-03-03,1069,1316
9303220,9206241,1993-03-04,1074,1316
9304265,9206241,1993-04-16,1266,1316
9306277,9206241,1993-06-15,40,1316
9307330,9206241,1993-07-24,187,1316
9308241,9206241,1993-08-06,293,1316
9308283,9206241,1993-08-17,323,1316
9308285,9206241,1993-08-17,325,1316
9308337,9206241,1993-08-25,358,1316
9309309,9206241,1993-09-21,502,1316
9310362,9206241,1993-10-27,756,1316
9311304,9206241,1993-11-17,1004,1316
9211253,9208254,1992-11-16,599,112
9302307,9208254,1993-02-24,836,112
9303205,9208254,1993-03-02,1067,112
9305206,9208254,1993-05-03,1334,112
9307315,9208254,1993-07-21,178,112
9310362,9208254,1993-10-27,756,112
9311268,9208254,1993-11-10,980,112
9312233,9208254,1993-12-06,1200,112
9211275,9206249,1992-11-19,607,1322
9211331,9206249,1992-11-29,628,1322
9302226,9206249,1993-02-05,787,1322
9307361,9206249,1993-07-29,200,1322
9211275,9206254,1992-11-19,607,1324
9211331,9206254,1992-11-29,628,1324
9302226,9206254,1993-02-05,787,1324
9306256,9206254,1993-06-10,29,1324
9311319,9206254,1993-11-19,1016,1324
9311351,9206254,1993-11-23,1039,1324
9212212,9204222,1992-12-02,848,921
9212251,9204222,1992-12-10,866,921
9311201,9204222,1993-11-01,933,921
9212210,9207204,1992-12-02,847,1413
9212210,9711349,1992-12-02,847,650
9310345,9711349,1993-10-25,742,650
9212210,9711351,1992-12-02,847,651
9212226,9209204,1992-12-05,854,208
9303311,9209204,1993-03-29,1131,208
9305233,9209204,1993-05-10,1353,208
9305298,9209204,1993-05-21,1385,208
9309211,9209204,1993-09-01,440,208
9311354,9209204,1993-11-24,1042,208
9312219,9209204,1993-12-04,1189,208
9212226,9208253,1992-12-05,854,111
9309229,9208253,1993-09-06,450,111
9312219,9208253,1993-12-04,1189,111
9212226,9211247,1992-12-05,854,595
9308317,9211247,1993-08-22,344,595
9309211,9211247,1993-09-01,440,595
9311234,9211247,1993-11-06,955,595
9311354,9211247,1993-11-24,1042,595
9212230,9206230,1992-12-07,857,1309
9212295,9206230,1992-12-21,892,1309
9302247,9206230,1993-02-11,798,1309
9304305,9206230,1993-04-27,1283,1309
9305235,9206230,1993-05-10,1354,1309
9305298,9206230,1993-05-21,1385,1309
9307283,9206230,1993-07-16,162,1309
9310362,9206230,1993-10-27,756,1309
9212231,9207228,1992-12-07,858,1430
9302208,9207228,1993-02-03,776,1430
9307266,9207228,1993-07-13,157,1430
9310203,9207228,1993-10-01,654,1430
9212234,9205233,1992-12-07,860,1161
9212273,9205233,1992-12-16,878,1161
9302282,9205233,1993-02-19,821,1161
9302315,9205233,1993-02-26,841,1161
9307298,9205233,1993-07-19,170,1161
9311249,9205233,1993-11-09,966,1161
9212248,9305222,1992-12-10,864,1345
9307268,9305222,1993-07-14,158,1345
9212248,9211211,1992-12-10,864,573
9302210,9211211,1993-02-03,778,573
9304254,9211211,1993-04-14,1258,573
9305222,9211211,1993-05-06,1345,573
9311324,9211211,1993-11-20,1019,573
9311334,9211211,1993-11-22,1027,573
9311333,9211211,1993-11-22,1026,573
9212252,9209203,1992-12-10,867,207
9301255,9209203,1993-01-21,546,207
9305219,9209203,1993-05-06,1343,207
9305301,9209203,1993-05-21,1386,207
9306202,9209203,1993-06-01,1,207
9307213,9209203,1993-07-02,125,207
9308269,9209203,1993-08-12,313,207
9308278,9209203,1993-08-16,321,207
9309205,9209203,1993-09-01,434,207
9309231,9209203,1993-09-06,452,207
9311239,9209203,1993-11-08,959,207
9212285,9205238,1992-12-18,886,1165
9302288,9205238,1993-02-22,824,1165
9305273,9205238,1993-05-17,1374,1165
9308338,9205238,1993-08-25,359,1165
9309298,9205238,1993-09-20,496,1165
9310358,9205238,1993-10-27,753,1165
9312231,9205238,1993-12-07,1198,1165
9212286,9211215,1992-12-19,887,575
9302220,9211215,1993-02-04,783,575
9305285,9211215,1993-05-18,1379,575
9212286,9206216,1992-12-19,887,1300
9302220,9206216,1993-02-04,783,1300
9305285,9206216,1993-05-18,1379,1300
9212295,9209241,1992-12-21,892,226
9303207,9209241,1993-03-02,1068,226
9304265,9209241,1993-04-16,1266,226
9305235,9209241,1993-05-10,1354,226
9305298,9209241,1993-05-21,1385,226
9306277,9209241,1993-06-15,40,226
9307330,9209241,1993-07-24,187,226
9308283,9209241,1993-08-17,323,226
9309272,9209241,1993-09-15,479,226
9310362,9209241,1993-10-27,756,226
9212295,9212230,1992-12-21,892,857
9212295,9209239,1992-12-21,892,224
9303207,9209239,1993-03-02,1068,224
9305235,9209239,1993-05-10,1354,224
9305298,9209239,1993-05-21,1385,224
9306277,9209239,1993-06-15,40,224
9307330,9209239,1993-07-24,187,224
9308283,9209239,1993-08-17,323,224
9309272,9209239,1993-09-15,479,224
9309301,9209239,1993-09-20,499,224
9310362,9209239,1993-10-27,756,224
9212295,9208244,1992-12-21,892,105
9308283,9208244,1993-08-17,323,105
9212296,9207266,1992-12-21,893,1454
9308289,9207266,1993-08-18,328,1454
9312218,9207266,1993-12-03,1188,1454
9212296,9205205,1992-12-21,893,1142
9304249,9205205,1993-04-13,1257,1142
9311302,9205205,1993-11-16,1003,1142
9312218,9205205,1993-12-03,1188,1142
9212305,9211230,1992-12-22,898,587
9302218,9211230,1993-02-04,782,587
9305243,9211230,1993-05-11,1358,587
9309304,9211230,1993-09-21,500,587
9212318,9209285,1992-12-31,905,252
9301213,9209285,1993-01-06,525,252
9304229,9209285,1993-04-07,1247,252
9305259,9209285,1993-05-12,1365,252
9307231,9209285,1993-07-07,134,252
9309201,9209285,1993-09-01,431,252
9309214,9209285,1993-09-02,441,252
9309316,9209285,1993-09-23,507,252
9310374,9209285,1993-10-29,765,252
9311359,9209285,1993-11-24,1046,252
9212318,9212245,1992-12-31,905,863
9312222,9212245,1993-12-06,1192,863
9301212,9209291,1993-01-06,524,255
9304305,9209291,1993-04-27,1283,255
9301218,9208206,1993-01-07,528,83
9307363,9208206,1993-07-29,201,83
9301214,9207233,1993-01-07,526,1432
9303225,9207233,1993-03-04,1077,1432
9301228,9206214,1993-01-11,532,1299
9302210,9206214,1993-02-03,778,1299
9302282,9206214,1993-02-19,821,1299
9305275,9206214,1993-05-17,1376,1299
9311249,9206214,1993-11-09,966,1299
9311296,9206214,1993-11-15,999,1299
9311367,9206214,1993-11-26,1052,1299
9301237,9205245,1993-01-13,536,1168
9304224,9205245,1993-04-06,1243,1168
9309245,9205245,1993-09-08,462,1168
9311226,9205245,1993-11-04,949,1168
9301250,9210210,1993-01-19,543,390
9301252,9204202,1993-01-20,544,906
9304209,9204202,1993-04-03,1236,906
9306270,9204202,1993-06-14,37,906
9307367,9204202,1993-07-29,203,906
9308239,9204202,1993-08-06,292,906
9308330,9204202,1993-08-24,354,906
9309250,9204202,1993-09-09,467,906
9312278,9204202,1993-12-14,1230,906
9301290,9901206,1993-01-28,566,1061
9307295,9901206,1993-07-19,168,1061
9308258,9901206,1993-08-11,303,1061
9308318,9901206,1993-08-23,345,1061
9311258,9901206,1993-11-10,973,1061
9311257,9901206,1993-11-10,972,1061
9301295,9209257,1993-02-01,568,237
9305298,9209257,1993-05-21,1385,237
9310300,9209257,1993-10-18,714,237
9301295,9210208,1993-02-01,568,388
9302304,9210208,1993-02-24,834,388
9303258,9210208,1993-03-14,1101,388
9303257,9210208,1993-03-14,1100,388
9306237,9210208,1993-06-07,20,388
9310217,9210208,1993-10-04,663,388
9310300,9210208,1993-10-18,714,388
9302205,9302221,1993-02-02,773,784
9304229,9302221,1993-04-07,1247,784
9304321,9302221,1993-04-30,1292,784
9309214,9302221,1993-09-02,441,784
9310297,9302221,1993-10-17,711,784
9302202,9212305,1993-02-02,771,898
9302224,9212305,1993-02-05,786,898
9303318,9212305,1993-03-30,1134,898
9304244,9212305,1993-04-12,1254,898
9305248,9212305,1993-05-11,1360,898
9305243,9212305,1993-05-11,1358,898
9305282,9212305,1993-05-18,1378,898
9306279,9212305,1993-06-16,42,898
9307309,9212305,1993-07-20,175,898
9307322,9212305,1993-07-22,182,898
9307354,9212305,1993-07-28,196,898
9308209,9212305,1993-08-02,274,898
9308309,9212305,1993-08-20,339,898
9309304,9212305,1993-09-21,500,898
9312272,9212305,1993-12-13,1227,898
9302210,9208202,1993-02-03,778,81
9309242,9208202,1993-09-08,460,81
9302210,9208215,1993-02-03,778,89
9303282,9208215,1993-03-18,1115,89
9307203,9208215,1993-07-01,120,89
9308364,9208215,1993-08-30,378,89
9302210,9208227,1993-02-03,778,93
9302210,9209245,1993-02-03,778,228
9302207,9209245,1993-02-03,775,228
9302255,9209245,1993-02-12,803,228
9303317,9209245,1993-03-30,1133,228
9304267,9209245,1993-04-19,1267,228
9308209,9209245,1993-08-02,274,228
9310374,9209245,1993-10-29,765,228
9311249,9209245,1993-11-09,966,228
9302210,9209258,1993-02-03,778,238
9302209,9208207,1993-02-03,777,84
9304319,9208207,1993-04-30,1290,84
9307260,9208207,1993-07-13,154,84
9408213,9208207,1993-08-02,649,84
9309311,9208207,1993-09-22,504,84
9311228,9208207,1993-11-04,951,84
9311256,9208207,1993-11-10,971,84
9311335,9208207,1993-11-22,1028,84
9312227,9208207,1993-12-06,1196,84
9302209,9210275,1993-02-03,777,423
9302220,9212286,1993-02-04,783,887
9305285,9212286,1993-05-18,1379,887
9302226,9206255,1993-02-05,787,1325
9302234,9211228,1993-02-08,792,586
9303202,9211228,1993-03-01,1064,586
9303231,9211228,1993-03-08,1081,586
9304216,9211228,1993-04-05,1240,586
9304235,9211228,1993-04-08,1251,586
9304277,9211228,1993-04-20,1271,586
9304295,9211228,1993-04-23,1278,586
9304298,9211228,1993-04-26,1279,586
9305316,9211228,1993-05-25,1394,586
9305339,9211228,1993-05-27,1405,586
9306226,9211228,1993-06-04,14,586
9306279,9211228,1993-06-16,42,586
9307211,9211228,1993-07-02,124,586
9308266,9211228,1993-08-12,311,586
9308323,9211228,1993-08-23,349,586
9308336,9211228,1993-08-25,357,586
9308357,9211228,1993-08-29,373,586
9308377,9211228,1993-08-31,384,586
9309250,9211228,1993-09-09,467,586
9310215,9211228,1993-10-04,661,586
9312251,9211228,1993-12-09,1211,586
9302233,9205231,1993-02-08,791,1159
9302241,9205231,1993-02-09,795,1159
9311233,9205231,1993-11-05,954,1159
9302241,9203211,1993-02-09,795,639
9302242,9203211,1993-02-09,796,639
9306298,9203211,1993-06-21,60,639
9308232,9203211,1993-08-05,287,639
9308257,9203211,1993-08-11,302,639
9310328,9203211,1993-10-21,733,639
9311343,9203211,1993-11-23,1033,639
9302236,9204205,1993-02-09,793,909
9304229,9204205,1993-04-07,1247,909
9304321,9204205,1993-04-30,1292,909
9308228,9204205,1993-08-05,284,909
9311279,9204205,1993-11-11,986,909
9302247,9206236,1993-02-11,798,1312
9304262,9206236,1993-04-16,1263,1312
9307331,9206236,1993-07-26,188,1312
9308351,9206236,1993-08-27,370,1312
9309268,9206236,1993-09-15,475,1312
9310355,9206236,1993-10-27,750,1312
9311316,9206236,1993-11-19,1013,1312
9302247,9210265,1993-02-11,798,418
9302247,9301276,1993-02-11,798,557
9302247,9302217,1993-02-11,798,781
9309268,9302217,1993-09-15,475,781
9302247,9204211,1993-02-11,798,913
9304233,9204211,1993-04-08,1249,913
9307361,9204211,1993-07-29,200,913
9308201,9204211,1993-08-02,266,913
9308248,9204211,1993-08-09,297,913
9308343,9204211,1993-08-26,363,913
9310201,9204211,1993-10-01,652,913
9311370,9204211,1993-11-29,1053,913
9312238,9204211,1993-12-07,1204,913
9302254,9206233,1993-02-11,802,1310
9303242,9206233,1993-03-10,1092,1310
9302254,9208247,1993-02-11,802,107
9303242,9208247,1993-03-10,1092,107
9302248,9209230,1993-02-11,799,219
9310257,9209230,1993-10-11,688,219
9311201,9209230,1993-11-01,933,219
9302248,9209205,1993-02-11,799,209
9305319,9209205,1993-05-26,1397,209
9307248,9209205,1993-07-12,145,209
9310257,9209205,1993-10-11,688,209
9310298,9209205,1993-10-17,712,209
9311201,9209205,1993-11-01,933,209
9311376,9209205,1993-11-30,1057,209
9312268,9209205,1993-12-13,1224,209
9302257,9208249,1993-02-12,804,109
9302306,9208249,1993-02-24,835,109
9304289,9208249,1993-04-22,1275,109
9305266,9208249,1993-05-13,1370,109
9306280,9208249,1993-06-17,43,109
9310306,9208249,1993-10-18,719,109
9311290,9208249,1993-11-14,994,109
9302255,9206262,1993-02-12,803,1328
9303203,9206262,1993-03-02,1065,1328
9303216,9206262,1993-03-03,1071,1328
9303297,9206262,1993-03-23,1123,1328
9304213,9206262,1993-04-05,1238,1328
9305272,9206262,1993-05-14,1373,1328
9306270,9206262,1993-06-14,37,1328
9306322,9206262,1993-06-28,75,1328
9307255,9206262,1993-07-12,150,1328
9307367,9206262,1993-07-29,203,1328
9309248,9206262,1993-09-09,465,1328
9310286,9206262,1993-10-14,705,1328
9310366,9206262,1993-10-27,759,1328
9311288,9206262,1993-11-12,993,1328
9302259,9211201,1993-02-13,806,569
9302269,9204229,1993-02-17,812,925
9304265,9204229,1993-04-16,1266,925
9304305,9204229,1993-04-27,1283,925
9304309,9204229,1993-04-27,1286,925
9306214,9204229,1993-06-02,9,925
9306320,9204229,1993-06-26,73,925
9307216,9204229,1993-07-02,127,925
9307307,9204229,1993-07-20,173,925
9308287,9204229,1993-08-17,326,925
9308369,9204229,1993-08-31,380,925
9309270,9204229,1993-09-15,477,925
9309272,9204229,1993-09-15,479,925
9309279,9204229,1993-09-17,483,925
9310356,9204229,1993-10-27,751,925
9310360,9204229,1993-10-27,754,925
9311232,9204229,1993-11-05,953,925
9311325,9204229,1993-11-21,1020,925
9312257,9204229,1993-12-09,1215,925
9312262,9204229,1993-12-10,1219,925
9302264,9209213,1993-02-17,808,213
9308274,9209213,1993-08-13,317,213
9310272,9209213,1993-10-12,694,213
9312237,9209213,1993-12-07,1203,213
9302271,9303304,1993-02-17,813,1127
9302277,9207212,1993-02-18,817,1419
9303231,9207212,1993-03-08,1081,1419
9303297,9207212,1993-03-23,1123,1419
9303302,9207212,1993-03-24,1125,1419
9303318,9207212,1993-03-30,1134,1419
9304295,9207212,1993-04-23,1278,1419
9305230,9207212,1993-05-07,1351,1419
9305316,9207212,1993-05-25,1394,1419
9305339,9207212,1993-05-27,1405,1419
9306279,9207212,1993-06-16,42,1419
9306319,9207212,1993-06-25,72,1419
9308233,9207212,1993-08-05,288,1419
9308309,9207212,1993-08-20,339,1419
9309250,9207212,1993-09-09,467,1419
9309331,9207212,1993-09-28,517,1419
9311372,9207212,1993-11-29,1055,1419
9302274,9208238,1993-02-18,815,99
9307245,9208238,1993-07-10,142,99
9307243,9208238,1993-07-10,140,99
9307241,9208238,1993-07-10,138,99
9307244,9208238,1993-07-10,141,99
9310379,9208238,1993-10-31,769,99
9302276,9209206,1993-02-18,816,210
9302282,9208205,1993-02-19,821,82
9304299,9208205,1993-04-26,1280,82
9308209,9208205,1993-08-02,274,82
9308217,9208205,1993-08-03,279,82
9308315,9208205,1993-08-21,342,82
9309249,9208205,1993-09-09,466,82
9311249,9208205,1993-11-09,966,82
9302290,9209299,1993-02-22,825,260
9306252,9209299,1993-06-09,28,260
9306278,9209299,1993-06-16,41,260
9307316,9209299,1993-07-21,179,260
9308258,9209299,1993-08-11,303,260
9311359,9209299,1993-11-24,1046,260
9302287,9304294,1993-02-22,823,1277
9302299,9206247,1993-02-24,830,1320
9304258,9206247,1993-04-15,1262,1320
9302302,9205209,1993-02-24,833,1143
9302319,9205209,1993-02-26,845,1143
9305287,9205209,1993-05-19,1380,1143
9306258,9205209,1993-06-11,30,1143
9307257,9205209,1993-07-13,151,1143
9310277,9205209,1993-10-13,699,1143
9302310,9205235,1993-02-25,837,1163
9303276,9205235,1993-03-18,1110,1163
9307229,9205235,1993-07-07,132,1163
9302319,9204203,1993-02-26,845,907
9305314,9204203,1993-05-25,1392,907
9302319,9205201,1993-02-26,845,1138
9306258,9205201,1993-06-11,30,1138
9307257,9205201,1993-07-13,151,1138
9311288,9205201,1993-11-12,993,1138
9302312,9204214,1993-02-26,838,916
9305232,9204214,1993-05-10,1352,916
9305289,9204214,1993-05-19,1381,916
9303207,9209275,1993-03-02,1068,248
9303207,9211239,1993-03-02,1068,591
9310272,9211239,1993-10-12,694,591
9310293,9211239,1993-10-15,709,591
9312269,9211239,1993-12-13,1225,591
9303207,9211248,1993-03-02,1068,596
9304302,9211248,1993-04-27,1281,596
9305267,9211248,1993-05-14,1371,596
9307330,9211248,1993-07-24,187,596
9308210,9211248,1993-08-03,275,596
9308285,9211248,1993-08-17,325,596
9309230,9211248,1993-09-06,451,596
9309272,9211248,1993-09-15,479,596
9310251,9211248,1993-10-08,683,596
9310334,9211248,1993-10-21,737,596
9310326,9211248,1993-10-21,731,596
9312225,9211248,1993-12-06,1195,596
9312258,9211248,1993-12-10,1216,596
9312262,9211248,1993-12-10,1219,596
9303207,9301242,1993-03-02,1068,540
9303207,9302296,1993-03-02,1068,828
9309301,9302296,1993-09-20,499,828
9303207,9205243,1993-03-02,1068,1167
9306277,9205243,1993-06-15,40,1167
9307243,9205243,1993-07-10,140,1167
9307241,9205243,1993-07-10,138,1167
9307244,9205243,1993-07-10,141,1167
9310379,9205243,1993-10-31,769,1167
9303207,9208248,1993-03-02,1068,108
9307243,9208248,1993-07-10,140,108
9307241,9208248,1993-07-10,138,108
9307332,9208248,1993-07-26,189,108
9310309,9208248,1993-10-19,722,108
9303207,9208221,1993-03-02,1068,92
9307243,9208221,1993-07-10,140,92
9307241,9208221,1993-07-10,138,92
9307244,9208221,1993-07-10,141,92
9310379,9208221,1993-10-31,769,92
9303207,9207235,1993-03-02,1068,1434
9303217,9204225,1993-03-03,1072,922
9303303,9204225,1993-03-24,1126,922
9303320,9204225,1993-03-31,1135,922
9304295,9204225,1993-04-23,1278,922
9305312,9204225,1993-05-25,1390,922
9306205,9204225,1993-06-01,3,922
9306279,9204225,1993-06-16,42,922
9306309,9204225,1993-06-23,65,922
9306311,9204225,1993-06-24,67,922
9307211,9204225,1993-07-02,124,922
9307275,9204225,1993-07-14,159,922
9307344,9204225,1993-07-27,194,922
9308323,9204225,1993-08-23,349,922
9308333,9204225,1993-08-24,355,922
9308335,9204225,1993-08-25,356,922
9310265,9204225,1993-10-11,691,922
9310307,9204225,1993-10-18,720,922
9311227,9204225,1993-11-04,950,922
9311281,9204225,1993-11-11,988,922
9312222,9204225,1993-12-06,1192,922
9312272,9204225,1993-12-13,1227,922
9303217,9205240,1993-03-03,1072,1166
9303303,9205240,1993-03-24,1126,1166
9306207,9205240,1993-06-01,4,1166
9306205,9205240,1993-06-01,3,1166
9306279,9205240,1993-06-16,42,1166
9306309,9205240,1993-06-23,65,1166
9308209,9205240,1993-08-02,274,1166
9308233,9205240,1993-08-05,288,1166
9311227,9205240,1993-11-04,950,1166
9303219,9205222,1993-03-04,1073,1152
9308340,9205222,1993-08-25,360,1152
9303221,9208256,1993-03-04,1075,113
9304314,9208256,1993-04-29,1289,113
9312219,9208256,1993-12-04,1189,113
9303221,9208257,1993-03-04,1075,114
9304314,9208257,1993-04-29,1289,114
9312219,9208257,1993-12-04,1189,114
9303225,9207222,1993-03-04,1077,1426
9303226,9301259,1993-03-05,1078,548
9307232,9301259,1993-07-08,135,548
9303227,9211329,1993-03-06,1079,627
9303227,9212287,1993-03-06,1079,888
9303230,9205227,1993-03-08,1080,1155
9306286,9205227,1993-06-18,48,1155
9306328,9205227,1993-06-29,77,1155
9303231,9203223,1993-03-08,1081,646
9303293,9203223,1993-03-23,1121,646
9303297,9203223,1993-03-23,1123,646
9304295,9203223,1993-04-23,1278,646
9305248,9203223,1993-05-11,1360,646
9306319,9203223,1993-06-25,72,646
9308233,9203223,1993-08-05,288,646
9308238,9203223,1993-08-06,291,646
9308333,9203223,1993-08-24,355,646
9309250,9203223,1993-09-09,467,646
9309331,9203223,1993-09-28,517,646
9310206,9203223,1993-10-01,656,646
9310333,9203223,1993-10-21,736,646
9311248,9203223,1993-11-09,965,646
9312222,9203223,1993-12-06,1192,646
9312272,9203223,1993-12-13,1227,646
9303236,9205204,1993-03-09,1086,1141
9311338,9205204,1993-11-22,1030,1141
9303232,9210249,1993-03-09,1082,409
9306284,9210249,1993-06-17,46,409
9306303,9210249,1993-06-22,62,409
9311219,9210249,1993-11-03,944,409
9311291,9210249,1993-11-14,995,409
9303251,9211219,1993-03-12,1096,578
9309320,9211219,1993-09-23,511,578
9303251,9212248,1993-03-12,1096,864
9308234,9212248,1993-08-06,289,864
9311346,9212248,1993-11-23,1035,864
9303256,9207241,1993-03-14,1099,1440
9310338,9207241,1993-10-22,740,1440
9303269,9206240,1993-03-16,1104,1315
9307210,9206240,1993-07-02,123,1315
9303273,9211322,1993-03-17,1108,625
9305254,9211322,1993-05-12,1361,625
9306244,9211322,1993-06-08,23,625
9307320,9211322,1993-07-22,181,625
9309217,9211322,1993-09-03,443,625
9309246,9211322,1993-09-09,463,625
9310219,9211322,1993-10-04,665,625
9310327,9211322,1993-10-21,732,625
9311231,9211322,1993-11-05,952,625
9303282,9210278,1993-03-18,1115,426
9305201,9210278,1993-05-03,1330,426
9312221,9210278,1993-12-05,1191,426
9303282,9301285,1993-03-18,1115,561
9308234,9301285,1993-08-06,289,561
9303281,9211282,1993-03-18,1114,610
9305207,9211282,1993-05-03,1335,610
9305291,9211282,1993-05-19,1382,610
9309235,9211282,1993-09-07,455,610
9303281,9210253,1993-03-18,1114,411
9305207,9210253,1993-05-03,1335,411
9305291,9210253,1993-05-19,1382,411
9308341,9210253,1993-08-26,361,411
9308355,9210253,1993-08-28,372,411
9309257,9210253,1993-09-13,471,411
9310222,9210253,1993-10-04,667,411
9311302,9210253,1993-11-16,1003,411
9311350,9210253,1993-11-23,1038,411
9303276,9204210,1993-03-18,1110,912
9308232,9204210,1993-08-05,287,912
9309225,9204210,1993-09-03,448,912
9310202,9204210,1993-10-01,653,912
9311343,9204210,1993-11-23,1033,912
9303284,9212203,1993-03-19,1116,261
9304257,9212203,1993-04-15,1261,261
9305217,9212203,1993-05-06,1342,261
9306261,9212203,1993-06-11,33,261
9309203,9212203,1993-09-01,433,261
9312266,9212203,1993-12-13,1223,261
9303285,9205212,1993-03-19,1117,1145
9303288,9205212,1993-03-22,1119,1145
9304228,9205212,1993-04-07,1246,1145
9305261,9205212,1993-05-13,1367,1145
9306247,9205212,1993-06-08,25,1145
9303285,9208214,1993-03-19,1117,88
9303285,9208217,1993-03-19,1117,90
9303288,9208217,1993-03-22,1119,90
9304228,9208217,1993-04-07,1246,90
9306247,9208217,1993-06-08,25,90
9303286,9207216,1993-03-19,1118,1422
9303299,9207216,1993-03-24,1124,1422
9306312,9207216,1993-06-24,68,1422
9308251,9207216,1993-08-10,299,1422
9309207,9207216,1993-09-01,436,1422
9309222,9207216,1993-09-03,385,1422
9309271,9207216,1993-09-15,478,1422
9309315,9207216,1993-09-23,506,1422
9311265,9207216,1993-11-10,978,1422
9311356,9207216,1993-11-24,1043,1422
9303286,9209207,1993-03-19,1118,211
9306312,9209207,1993-06-24,68,211
9308321,9209207,1993-08-23,347,211
9309207,9209207,1993-09-01,436,211
9311265,9209207,1993-11-10,978,211
9303288,9207245,1993-03-22,1119,1443
9311278,9207245,1993-11-11,985,1443
9312208,9207245,1993-12-01,1179,1443
9303288,9208239,1993-03-22,1119,100
9306247,9208239,1993-06-08,25,100
9303288,9207239,1993-03-22,1119,1438
9304228,9207239,1993-04-07,1246,1438
9306247,9207239,1993-06-08,25,1438
9303297,9206257,1993-03-23,1123,1326
9303318,9206257,1993-03-30,1134,1326
9305248,9206257,1993-05-11,1360,1326
9312248,9206257,1993-12-08,1210,1326
9303291,9211266,1993-03-23,1120,605
9303296,9211266,1993-03-23,1122,605
9304299,9211266,1993-04-26,1280,605
9304307,9211266,1993-04-27,1284,605
9305254,9211266,1993-05-12,1361,605
9306226,9211266,1993-06-04,14,605
9306286,9211266,1993-06-18,48,605
9307211,9211266,1993-07-02,124,605
9307214,9211266,1993-07-02,126,605
9308209,9211266,1993-08-02,274,605
9308208,9211266,1993-08-02,273,605
9308271,9211266,1993-08-13,315,605
9308277,9211266,1993-08-15,320,605
9308323,9211266,1993-08-23,349,605
9303307,9211325,1993-03-25,1129,626
9307211,9211325,1993-07-02,124,626
9308323,9211325,1993-08-23,349,626
9311310,9211325,1993-11-18,1009,626
9303308,9211305,1993-03-25,1130,618
9303318,9211260,1993-03-30,1134,603
9304224,9211260,1993-04-06,1243,603
9304277,9211260,1993-04-20,1271,603
9304298,9211260,1993-04-26,1279,603
9305248,9211260,1993-05-11,1360,603
9305316,9211260,1993-05-25,1394,603
9305339,9211260,1993-05-27,1405,603
9306207,9211260,1993-06-01,4,603
9306292,9211260,1993-06-20,54,603
9307211,9211260,1993-07-02,124,603
9307249,9211260,1993-07-12,146,603
9307288,9211260,1993-07-16,164,603
9307301,9211260,1993-07-19,172,603
9307367,9211260,1993-07-29,203,603
9308209,9211260,1993-08-02,274,603
9408213,9211260,1993-08-02,649,603
9308266,9211260,1993-08-12,311,603
9308309,9211260,1993-08-20,339,603
9309241,9211260,1993-09-07,459,603
9309250,9211260,1993-09-09,467,603
9309296,9211260,1993-09-20,495,603
9310218,9211260,1993-10-04,664,603
9310254,9211260,1993-10-08,685,603
9310294,9211260,1993-10-15,710,603
9310348,9211260,1993-10-26,745,603
9311207,9211260,1993-11-01,937,603
9311228,9211260,1993-11-04,951,603
9311225,9211260,1993-11-04,948,603
9311345,9211260,1993-11-23,1034,603
9311372,9211260,1993-11-29,1055,603
9312201,9211260,1993-11-30,1174,603
9312262,9211260,1993-12-10,1219,603
9312272,9211260,1993-12-13,1227,603
9303318,9211256,1993-03-30,1134,600
9304224,9211256,1993-04-06,1243,600
9304263,9211256,1993-04-16,1264,600
9304277,9211256,1993-04-20,1271,600
9304298,9211256,1993-04-26,1279,600
9305223,9211256,1993-05-07,1346,600
9305248,9211256,1993-05-11,1360,600
9305316,9211256,1993-05-25,1394,600
9305339,9211256,1993-05-27,1405,600
9306207,9211256,1993-06-01,4,600
9306279,9211256,1993-06-16,42,600
9306292,9211256,1993-06-20,54,600
9307211,9211256,1993-07-02,124,600
9307249,9211256,1993-07-12,146,600
9307288,9211256,1993-07-16,164,600
9307301,9211256,1993-07-19,172,600
9307367,9211256,1993-07-29,203,600
9308209,9211256,1993-08-02,274,600
9408213,9211256,1993-08-02,649,600
9308266,9211256,1993-08-12,311,600
9308309,9211256,1993-08-20,339,600
9308354,9211256,1993-08-28,371,600
9309241,9211256,1993-09-07,459,600
9309250,9211256,1993-09-09,467,600
9309296,9211256,1993-09-20,495,600
9310218,9211256,1993-10-04,664,600
9310212,9211256,1993-10-04,658,600
9310254,9211256,1993-10-08,685,600
9310294,9211256,1993-10-15,710,600
9310348,9211256,1993-10-26,745,600
9311228,9211256,1993-11-04,951,600
9311225,9211256,1993-11-04,948,600
9311269,9211256,1993-11-10,981,600
9311345,9211256,1993-11-23,1034,600
9311372,9211256,1993-11-29,1055,600
9312201,9211256,1993-11-30,1174,600
9312262,9211256,1993-12-10,1219,600
9312272,9211256,1993-12-13,1227,600
9303318,9211249,1993-03-30,1134,597
9305282,9211249,1993-05-18,1378,597
9307322,9211249,1993-07-22,182,597
9307354,9211249,1993-07-28,196,597
9308309,9211249,1993-08-20,339,597
9309304,9211249,1993-09-21,500,597
9303318,9210266,1993-03-30,1134,419
9305248,9210266,1993-05-11,1360,419
9307201,9210266,1993-07-01,119,419
9303314,9210281,1993-03-30,1132,428
9303322,9212280,1993-03-31,1137,883
9309205,9212280,1993-09-01,434,883
9304203,9209288,1993-04-01,1234,253
9307328,9209288,1993-07-23,185,253
9308256,9209288,1993-08-11,301,253
9304216,9208251,1993-04-05,1240,110
9307208,9208251,1993-07-01,121,110
9307211,9208251,1993-07-02,124,110
9308324,9208251,1993-08-23,350,110
9309218,9208251,1993-09-03,444,110
9310366,9208251,1993-10-27,759,110
9312213,9208251,1993-12-02,1184,110
9304216,9302317,1993-04-05,1240,843
9304277,9302317,1993-04-20,1271,843
9306316,9302317,1993-06-25,70,843
9307211,9302317,1993-07-02,124,843
9307309,9302317,1993-07-20,175,843
9308323,9302317,1993-08-23,349,843
9308377,9302317,1993-08-31,384,843
9309277,9302317,1993-09-16,481,843
9310255,9302317,1993-10-09,686,843
9311241,9302317,1993-11-08,961,843
9312272,9302317,1993-12-13,1227,843
9304216,9209220,1993-04-05,1240,215
9304235,9209220,1993-04-08,1251,215
9304277,9209220,1993-04-20,1271,215
9304298,9209220,1993-04-26,1279,215
9306226,9209220,1993-06-04,14,215
9307211,9209220,1993-07-02,124,215
9308238,9209220,1993-08-06,291,215
9308266,9209220,1993-08-12,311,215
9308323,9209220,1993-08-23,349,215
9308336,9209220,1993-08-25,357,215
9308377,9209220,1993-08-31,384,215
9310215,9209220,1993-10-04,661,215
9310255,9209220,1993-10-09,686,215
9311241,9209220,1993-11-08,961,215
9311269,9209220,1993-11-10,981,215
9311340,9209220,1993-11-22,1032,215
9312272,9209220,1993-12-13,1227,215
9304216,9207234,1993-04-05,1240,1433
9305310,9207234,1993-05-24,1389,1433
9305316,9207234,1993-05-25,1394,1433
9305339,9207234,1993-05-27,1405,1433
9306325,9207234,1993-06-28,76,1433
9307208,9207234,1993-07-01,121,1433
9307211,9207234,1993-07-02,124,1433
9308324,9207234,1993-08-23,350,1433
9308377,9207234,1993-08-31,384,1433
9309218,9207234,1993-09-03,444,1433
9309250,9207234,1993-09-09,467,1433
9309277,9207234,1993-09-16,481,1433
9310366,9207234,1993-10-27,759,1433
9311225,9207234,1993-11-04,948,1433
9311269,9207234,1993-11-10,981,1433
9311340,9207234,1993-11-22,1032,1433
9312213,9207234,1993-12-02,1184,1433
9312272,9207234,1993-12-13,1227,1433
9304216,9207253,1993-04-05,1240,1447
9305254,9207253,1993-05-12,1361,1447
9305316,9207253,1993-05-25,1394,1447
9305339,9207253,1993-05-27,1405,1447
9306226,9207253,1993-06-04,14,1447
9307211,9207253,1993-07-02,124,1447
9308209,9207253,1993-08-02,274,1447
9308266,9207253,1993-08-12,311,1447
9308377,9207253,1993-08-31,384,1447
9309250,9207253,1993-09-09,467,1447
9310218,9207253,1993-10-04,664,1447
9311269,9207253,1993-11-10,981,1447
9304213,9209294,1993-04-05,1238,257
9310248,9209294,1993-10-08,681,257
9312210,9209294,1993-12-01,1181,257
9304214,9208245,1993-04-05,1239,106
9308223,9208245,1993-08-04,281,106
9312280,9208245,1993-12-14,1231,106
9304233,9303254,1993-04-08,1249,1097
9304233,9210207,1993-04-08,1249,387
9304244,9207218,1993-04-12,1254,1424
9306290,9207218,1993-06-18,52,1424
9306314,9207218,1993-06-22,69,1424
9307276,9207218,1993-07-15,160,1424
9308346,9207218,1993-08-26,365,1424
9308361,9207218,1993-08-30,376,1424
9309312,9207218,1993-09-22,505,1424
9312272,9207218,1993-12-13,1227,1424
9304244,9301267,1993-04-12,1254,552
9309209,9301267,1993-09-01,438,552
9309218,9301267,1993-09-03,444,552
9309250,9301267,1993-09-09,467,552
9310215,9301267,1993-10-04,661,552
9310366,9301267,1993-10-27,759,552
9311269,9301267,1993-11-10,981,552
9311340,9301267,1993-11-22,1032,552
9312272,9301267,1993-12-13,1227,552
9304244,9302259,1993-04-12,1254,806
9312272,9302259,1993-12-13,1227,806
9304245,9211314,1993-04-12,1255,623
9311278,9211314,1993-11-11,985,623
9311346,9211314,1993-11-23,1035,623
9311353,9211314,1993-11-24,1041,623
9304247,9207247,1993-04-13,1256,1444
9304264,9312260,1993-04-16,1265,1217
9304264,9311316,1993-04-16,1265,1013
9304281,9304230,1993-04-21,1272,1248
9306321,9304230,1993-06-28,74,1248
9308201,9304230,1993-08-02,266,1248
9311259,9304230,1993-11-10,974,1248
9304281,9306321,1993-04-21,1272,74
9308201,9306321,1993-08-02,266,74
9304281,9212268,1993-04-21,1272,875
9304310,9212268,1993-04-27,1287,875
9306321,9212268,1993-06-28,74,875
9308201,9212268,1993-08-02,266,875
9310354,9212268,1993-10-27,749,875
9311259,9212268,1993-11-10,974,875
9304281,9212229,1993-04-21,1272,856
9304310,9212229,1993-04-27,1287,856
9307223,9212229,1993-07-05,129,856
9307333,9212229,1993-07-26,190,856
9307373,9212229,1993-07-30,206,856
9308201,9212229,1993-08-02,266,856
9310302,9212229,1993-10-18,715,856
9311259,9212229,1993-11-10,974,856
9312202,9212229,1993-12-01,1175,856
9312238,9212229,1993-12-07,1204,856
9304295,9207205,1993-04-23,1278,1414
9305339,9207205,1993-05-27,1405,1414
9306279,9207205,1993-06-16,42,1414
9309250,9207205,1993-09-09,467,1414
9304295,9209262,1993-04-23,1278,242
9305235,9209262,1993-05-10,1354,242
9305298,9209262,1993-05-21,1385,242
9305316,9209262,1993-05-25,1394,242
9305340,9209262,1993-05-27,1406,242
9306279,9209262,1993-06-16,42,242
9307330,9209262,1993-07-24,187,242
9307332,9209262,1993-07-26,189,242
9308233,9209262,1993-08-05,288,242
9308283,9209262,1993-08-17,323,242
9308309,9209262,1993-08-20,339,242
9304295,9209232,1993-04-23,1278,221
9305216,9209232,1993-05-06,1341,221
9305236,9209232,1993-05-10,1355,221
9305316,9209232,1993-05-25,1394,221
9305339,9209232,1993-05-27,1405,221
9306207,9209232,1993-06-01,4,221
9306213,9209232,1993-06-02,8,221
9306279,9209232,1993-06-16,42,221
9306309,9209232,1993-06-23,65,221
9307211,9209232,1993-07-02,124,221
9307275,9209232,1993-07-14,159,221
9307320,9209232,1993-07-22,181,221
9307344,9209232,1993-07-27,194,221
9308209,9209232,1993-08-02,274,221
9308233,9209232,1993-08-05,288,221
9308323,9209232,1993-08-23,349,221
9308333,9209232,1993-08-24,355,221
9308357,9209232,1993-08-29,373,221
9309250,9209232,1993-09-09,467,221
9309293,9209232,1993-09-20,492,221
9310212,9209232,1993-10-04,658,221
9310292,9209232,1993-10-15,708,221
9310307,9209232,1993-10-18,720,221
9311222,9209232,1993-11-04,945,221
9311252,9209232,1993-11-09,969,221
9311251,9209232,1993-11-09,968,221
9311269,9209232,1993-11-10,981,221
9311340,9209232,1993-11-22,1032,221
9311360,9209232,1993-11-24,1047,221
9311372,9209232,1993-11-29,1055,221
9312213,9209232,1993-12-02,1184,221
9312272,9209232,1993-12-13,1227,221
9304294,9206244,1993-04-23,1277,1318
9309287,9206244,1993-09-18,486,1318
9304310,9304281,1993-04-27,1287,1272
9306321,9304281,1993-06-28,74,1272
9308201,9304281,1993-08-02,266,1272
9311259,9304281,1993-11-10,974,1272
9312202,9304281,1993-12-01,1175,1272
9304303,9210255,1993-04-27,1282,412
9308274,9210255,1993-08-13,317,412
9309327,9210255,1993-09-27,514,412
9304303,111190,1993-04-27,1282,931
9307371,111190,1993-07-30,205,931
9312221,111190,1993-12-05,1191,931
9304303,9307371,1993-04-27,1282,205
9309245,9307371,1993-09-08,462,205
9310308,9307371,1993-10-18,721,205
9310358,9307371,1993-10-27,753,205
9312223,9307371,1993-12-06,1193,205
9304305,9210205,1993-04-27,1283,386
9305297,9210205,1993-05-21,1384,386
9309306,9210205,1993-09-21,501,386
9310372,9210205,1993-10-29,764,386
9304305,9209247,1993-04-27,1283,230
9309272,9209247,1993-09-15,479,230
9312225,9209247,1993-12-06,1195,230
9304305,9204238,1993-04-27,1283,929
9304309,9211226,1993-04-27,1286,584
9308313,9211226,1993-08-20,340,584
9309270,9211226,1993-09-15,477,584
9310216,9211226,1993-10-04,662,584
9311287,9211226,1993-11-12,992,584
9304320,9203217,1993-04-30,1291,643
9305207,9303281,1993-05-03,1335,1114
9305291,9303281,1993-05-19,1382,1114
9308355,9303281,1993-08-28,372,1114
9310228,9303281,1993-10-05,670,1114
9310245,9303281,1993-10-07,679,1114
9310253,9303281,1993-10-08,684,1114
9311302,9303281,1993-11-16,1003,1114
9305203,9303311,1993-05-03,1331,1131
9311354,9303311,1993-11-24,1042,1131
9305205,9207213,1993-05-03,1333,1420
9306212,9207213,1993-06-02,7,1420
9306278,9207213,1993-06-16,41,1420
9306297,9207213,1993-06-21,59,1420
9307309,9207213,1993-07-20,175,1420
9308252,9207213,1993-08-10,300,1420
9308275,9207213,1993-08-13,318,1420
9308348,9207213,1993-08-26,367,1420
9309240,9207213,1993-09-07,458,1420
9310265,9207213,1993-10-11,691,1420
9310269,9207213,1993-10-12,693,1420
9310314,9207213,1993-10-19,725,1420
9310352,9207213,1993-10-26,747,1420
9310368,9207213,1993-10-28,761,1420
9311204,9207213,1993-11-01,934,1420
9311214,9207213,1993-11-02,941,1420
9311359,9207213,1993-11-24,1046,1420
9312217,9207213,1993-12-03,1187,1420
9312253,9207213,1993-12-09,1212,1420
9305205,9210221,1993-05-03,1333,395
9308252,9210221,1993-08-10,300,395
9308275,9210221,1993-08-13,318,395
9308348,9210221,1993-08-26,367,395
9310314,9210221,1993-10-19,725,395
9310352,9210221,1993-10-26,747,395
9311214,9210221,1993-11-02,941,395
9305205,9212204,1993-05-03,1333,262
9308268,9212204,1993-08-12,312,262
9311214,9212204,1993-11-02,941,262
9311306,9212204,1993-11-17,1005,262
9305210,9211224,1993-05-04,1338,582
9306245,9211224,1993-06-08,24,582
9308225,9211224,1993-08-04,282,582
9305208,9304244,1993-05-04,1336,1254
9305212,9205215,1993-05-05,1340,1147
9305219,9209240,1993-05-06,1343,225
9305301,9209240,1993-05-21,1386,225
9306202,9209240,1993-06-01,1,225
9307213,9209240,1993-07-02,125,225
9308278,9209240,1993-08-16,321,225
9309205,9209240,1993-09-01,434,225
9309231,9209240,1993-09-06,452,225
9305229,9211267,1993-05-07,1350,606
9305235,9211267,1993-05-10,1354,606
9308283,9211267,1993-08-17,323,606
9310362,9211267,1993-10-27,756,606
9305236,9210260,1993-05-10,1355,416
9306333,9210260,1993-06-30,78,416
9307265,9210260,1993-07-13,156,416
9308333,9210260,1993-08-24,355,416
9311227,9210260,1993-11-04,950,416
9311252,9210260,1993-11-09,969,416
9311269,9210260,1993-11-10,981,416
9305254,9207240,1993-05-12,1361,1439
9305254,9205237,1993-05-12,1361,1164
9307320,9205237,1993-07-22,181,1164
9309246,9205237,1993-09-09,463,1164
9305254,9302234,1993-05-12,1361,792
9306226,9302234,1993-06-04,14,792
9307211,9302234,1993-07-02,124,792
9308266,9302234,1993-08-12,311,792
9308323,9302234,1993-08-23,349,792
9308336,9302234,1993-08-25,357,792
9310215,9302234,1993-10-04,661,792
9311241,9302234,1993-11-08,961,792
9311269,9302234,1993-11-10,981,792
9311277,9302234,1993-11-11,984,792
9312206,9302234,1993-12-01,1177,792
9312272,9302234,1993-12-13,1227,792
9305254,9206218,1993-05-12,1361,1301
9306226,9206218,1993-06-04,14,1301
9306279,9206218,1993-06-16,42,1301
9307211,9206218,1993-07-02,124,1301
9308323,9206218,1993-08-23,349,1301
9308336,9206218,1993-08-25,357,1301
9308377,9206218,1993-08-31,384,1301
9309250,9206218,1993-09-09,467,1301
9310218,9206218,1993-10-04,664,1301
9311228,9206218,1993-11-04,951,1301
9311241,9206218,1993-11-08,961,1301
9311251,9206218,1993-11-09,968,1301
9311269,9206218,1993-11-10,981,1301
9311277,9206218,1993-11-11,984,1301
9311340,9206218,1993-11-22,1032,1301
9312206,9206218,1993-12-01,1177,1301
9312213,9206218,1993-12-02,1184,1301
9312251,9206218,1993-12-09,1211,1301
9312272,9206218,1993-12-13,1227,1301
9305258,9205203,1993-05-12,1364,1140
9305265,9205203,1993-05-13,1369,1140
9311320,9205203,1993-11-19,1017,1140
9305258,9209255,1993-05-12,1364,235
9305265,9209255,1993-05-13,1369,235
9305258,9211223,1993-05-12,1364,581
9306265,9211223,1993-06-11,36,581
9307309,9211223,1993-07-20,175,581
9311320,9211223,1993-11-19,1017,581
9305258,9211312,1993-05-12,1364,622
9305255,9210235,1993-05-12,1362,402
9306205,9210235,1993-06-01,3,402
9306213,9210235,1993-06-02,8,402
9307211,9210235,1993-07-02,124,402
9307293,9210235,1993-07-19,167,402
9307309,9210235,1993-07-20,175,402
9307320,9210235,1993-07-22,181,402
9308209,9210235,1993-08-02,274,402
9308304,9210235,1993-08-20,336,402
9308323,9210235,1993-08-23,349,402
9308329,9210235,1993-08-24,353,402
9308357,9210235,1993-08-29,373,402
9308365,9210235,1993-08-31,379,402
9309277,9210235,1993-09-16,481,402
9309281,9210235,1993-09-17,484,402
9309293,9210235,1993-09-20,492,402
9310218,9210235,1993-10-04,664,402
9310215,9210235,1993-10-04,661,402
9310212,9210235,1993-10-04,658,402
9310292,9210235,1993-10-15,708,402
9311222,9210235,1993-11-04,945,402
9311241,9210235,1993-11-08,961,402
9311252,9210235,1993-11-09,969,402
9311269,9210235,1993-11-10,981,402
9311362,9210235,1993-11-24,1048,402
9312213,9210235,1993-12-02,1184,402
9312272,9210235,1993-12-13,1227,402
9305265,9305258,1993-05-13,1369,1364
9305265,9210231,1993-05-13,1369,399
9311320,9210231,1993-11-19,1017,399
9305267,9211244,1993-05-14,1371,594
9305272,9207267,1993-05-14,1373,1455
9305275,9305274,1993-05-17,1376,1375
9306296,9305274,1993-06-21,58,1375
9306293,9305274,1993-06-21,55,1375
9307284,9305274,1993-07-16,163,1375
9309269,9305274,1993-09-15,476,1375
9310366,9305274,1993-10-27,759,1375
9311249,9305274,1993-11-09,966,1375
9312208,9305274,1993-12-01,1179,1375
9312215,9305274,1993-12-02,1186,1375
9312221,9305274,1993-12-05,1191,1375
9312222,9305274,1993-12-06,1192,1375
9305280,9308358,1993-05-18,1377,374
9309259,9308358,1993-09-13,472,374
9305280,9308269,1993-05-18,1377,313
9308326,9308269,1993-08-23,351,313
9308358,9308269,1993-08-29,374,313
9309259,9308269,1993-09-13,472,313
9305280,9206213,1993-05-18,1377,1298
9308269,9206213,1993-08-12,313,1298
9305282,9302202,1993-05-18,1378,771
9306279,9302202,1993-06-16,42,771
9307322,9302202,1993-07-22,182,771
9307354,9302202,1993-07-28,196,771
9308217,9302202,1993-08-03,279,771
9308309,9302202,1993-08-20,339,771
9309304,9302202,1993-09-21,500,771
9311340,9302202,1993-11-22,1032,771
9305282,9302224,1993-05-18,1378,786
9306279,9302224,1993-06-16,42,786
9307208,9302224,1993-07-01,121,786
9307322,9302224,1993-07-22,182,786
9307354,9302224,1993-07-28,196,786
9308309,9302224,1993-08-20,339,786
9309304,9302224,1993-09-21,500,786
9305285,9302220,1993-05-18,1379,783
9308223,9302220,1993-08-04,281,783
9309261,9302220,1993-09-14,473,783
9305291,9305207,1993-05-19,1382,1335
9307297,9305207,1993-07-19,169,1335
9309235,9305207,1993-09-07,455,1335
9305289,9210232,1993-05-19,1381,400
9305293,9212250,1993-05-20,1383,865
9308301,9212250,1993-08-19,335,865
9305297,9209277,1993-05-21,1384,249
9306320,9209277,1993-06-26,73,249
9307291,9209277,1993-07-18,166,249
9308244,9209277,1993-08-08,294,249
9309279,9209277,1993-09-17,483,249
9310356,9209277,1993-10-27,751,249
9305298,9302214,1993-05-21,1385,780
9308317,9302214,1993-08-22,344,780
9310379,9302214,1993-10-31,769,780
9305298,9212226,1993-05-21,1385,854
9308317,9212226,1993-08-22,344,854
9305304,9209269,1993-05-24,1387,245
9306320,9209269,1993-06-26,73,245
9307216,9209269,1993-07-02,127,245
9307230,9209269,1993-07-07,133,245
9307291,9209269,1993-07-18,166,245
9308288,9209269,1993-08-17,327,245
9310216,9209269,1993-10-04,662,245
9311232,9209269,1993-11-05,953,245
9311325,9209269,1993-11-21,1020,245
9311327,9209269,1993-11-22,1021,245
9311348,9209269,1993-11-23,1036,245
9305304,9209268,1993-05-24,1387,244
9306320,9209268,1993-06-26,73,244
9307216,9209268,1993-07-02,127,244
9307230,9209268,1993-07-07,133,244
9307288,9209268,1993-07-16,164,244
9307291,9209268,1993-07-18,166,244
9308246,9209268,1993-08-08,295,244
9308262,9209268,1993-08-11,307,244
9308287,9209268,1993-08-17,326,244
9308288,9209268,1993-08-17,327,244
9310360,9209268,1993-10-27,754,244
9310372,9209268,1993-10-29,764,244
9311232,9209268,1993-11-05,953,244
9311325,9209268,1993-11-21,1020,244
9311348,9209268,1993-11-23,1036,244
9305304,9207217,1993-05-24,1387,1423
9306320,9207217,1993-06-26,73,1423
9307291,9207217,1993-07-18,166,1423
9310356,9207217,1993-10-27,751,1423
9312227,9207217,1993-12-06,1196,1423
9312241,9207217,1993-12-07,1206,1423
9305304,9209263,1993-05-24,1387,243
9309270,9209263,1993-09-15,477,243
9312262,9209263,1993-12-10,1219,243
9305304,9209271,1993-05-24,1387,246
9306320,9209271,1993-06-26,73,246
9307216,9209271,1993-07-02,127,246
9309270,9209271,1993-09-15,477,246
9309272,9209271,1993-09-15,479,246
9310356,9209271,1993-10-27,751,246
9305306,9304217,1993-05-24,1388,1241
9310272,9304217,1993-10-12,694,1241
9311250,9304217,1993-11-09,967,1241
9311244,9304217,1993-11-09,964,1241
9305317,9207211,1993-05-25,1395,1418
9305316,9303280,1993-05-25,1394,1113
9305339,9303280,1993-05-27,1405,1113
9309250,9303280,1993-09-09,467,1113
9309296,9303280,1993-09-20,495,1113
9310212,9303280,1993-10-04,658,1113
9310294,9303280,1993-10-15,710,1113
9311228,9303280,1993-11-04,951,1113
9311269,9303280,1993-11-10,981,1113
9312272,9303280,1993-12-13,1227,1113
9305313,9212297,1993-05-25,1391,894
9309255,9212297,1993-09-11,470,894
9311262,9212297,1993-11-10,977,894
9305315,9305260,1993-05-25,1393,1366
9310360,9305260,1993-10-27,754,1366
9311212,9305260,1993-11-02,939,1366
9305322,9309234,1993-05-26,1399,454
9310306,9309234,1993-10-18,719,454
9305324,9209231,1993-05-26,1400,220
9305330,9209231,1993-05-27,1401,220
9308351,9209231,1993-08-27,370,220
9311318,9209231,1993-11-19,1015,220
9305318,9207238,1993-05-26,1396,1437
9311377,9207238,1993-11-30,1058,1437
9305330,9305333,1993-05-27,1401,1403
9309329,9305333,1993-09-27,515,1403
9311295,9305333,1993-11-15,998,1403
9305341,9303255,1993-05-27,1407,1098
9306289,9303255,1993-06-18,51,1098
9306302,9303255,1993-06-22,61,1098
9307227,9303255,1993-07-06,131,1098
9307299,9303255,1993-07-19,171,1098
9308207,9303255,1993-08-02,272,1098
9308206,9303255,1993-08-02,271,1098
9308229,9303255,1993-08-05,285,1098
9308316,9303255,1993-08-21,343,1098
9308322,9303255,1993-08-23,348,1098
9308370,9303255,1993-08-31,381,1098
9309318,9303255,1993-09-23,509,1098
9310233,9303255,1993-10-06,674,1098
9310361,9303255,1993-10-27,755,1098
9311260,9303255,1993-11-10,975,1098
9311265,9303255,1993-11-10,978,1098
9311290,9303255,1993-11-14,994,1098
9311378,9303255,1993-11-30,1059,1098
9305344,9208228,1993-05-28,1408,94
9311257,9208228,1993-11-10,972,94
9306202,9305301,1993-06-01,1,1386
9306202,9212309,1993-06-01,1,901
9306205,9208243,1993-06-01,3,104
9306297,9208243,1993-06-21,59,104
9307275,9208243,1993-07-14,159,104
9309223,9208243,1993-09-03,447,104
9310269,9208243,1993-10-12,693,104
9311307,9208243,1993-11-17,1006,104
9311360,9208243,1993-11-24,1047,104
9312253,9208243,1993-12-09,1212,104
9306205,9209250,1993-06-01,3,232
9307211,9209250,1993-07-02,124,232
9307275,9209250,1993-07-14,159,232
9307344,9209250,1993-07-27,194,232
9308233,9209250,1993-08-05,288,232
9308323,9209250,1993-08-23,349,232
9308333,9209250,1993-08-24,355,232
9309277,9209250,1993-09-16,481,232
9311227,9209250,1993-11-04,950,232
9311252,9209250,1993-11-09,969,232
9311281,9209250,1993-11-11,988,232
9312253,9209250,1993-12-09,1212,232
9306212,9206228,1993-06-02,7,1307
9308252,9206228,1993-08-10,300,1307
9306209,9205220,1993-06-02,6,1150
9306214,9211216,1993-06-02,9,576
9306320,9211216,1993-06-26,73,576
9306214,9211222,1993-06-02,9,580
9306320,9211222,1993-06-26,73,580
9306220,9908364,1993-06-03,12,118
9306320,9908364,1993-06-26,73,118
9310356,9908364,1993-10-27,751,118
9306219,9206239,1993-06-03,11,1314
9306298,9206239,1993-06-21,60,1314
9308232,9206239,1993-08-05,287,1314
9310202,9206239,1993-10-01,653,1314
9311343,9206239,1993-11-23,1033,1314
9306229,9208242,1993-06-04,16,103
9310361,9208242,1993-10-27,755,103
9311297,9208242,1993-11-15,1000,103
9306232,9212293,1993-06-05,17,891
9306235,9301268,1993-06-07,18,553
9310218,9301268,1993-10-04,664,553
9312214,9301268,1993-12-02,1185,553
9306236,9212317,1993-06-07,19,904
9306240,9302280,1993-06-07,22,819
9308289,9302280,1993-08-18,328,819
9312218,9302280,1993-12-03,1188,819
9312276,9302280,1993-12-14,1228,819
9306240,9212308,1993-06-07,22,900
9312218,9212308,1993-12-03,1188,900
9306244,9303273,1993-06-08,23,1108
9308235,9303273,1993-08-05,290,1108
9309246,9303273,1993-09-09,463,1108
9306249,9306224,1993-06-09,27,13
9306256,9206246,1993-06-10,29,1319
9308248,9206246,1993-08-09,297,1319
9309294,9206246,1993-09-20,493,1319
9406284,9308288,1993-06-11,265,327
9311308,9308288,1993-11-17,1007,327
9406284,9308262,1993-06-11,265,307
9308246,9308262,1993-08-08,295,307
9308287,9308262,1993-08-17,326,307
9308288,9308262,1993-08-17,327,307
9311308,9308262,1993-11-17,1007,307
9312220,9308262,1993-12-05,1190,307
9406284,9308246,1993-06-11,265,295
9308262,9308246,1993-08-11,307,295
9308287,9308246,1993-08-17,326,295
9308288,9308246,1993-08-17,327,295
9311215,9308246,1993-11-02,942,295
9311218,9308246,1993-11-03,943,295
9311308,9308246,1993-11-17,1007,295
9312224,9308246,1993-12-05,1194,295
9312220,9308246,1993-12-05,1190,295
9406284,9307291,1993-06-11,265,166
9406284,9304225,1993-06-11,265,1244
9308287,9304225,1993-08-17,326,1244
9308288,9304225,1993-08-17,327,1244
9310285,9304225,1993-10-14,704,1244
9310360,9304225,1993-10-27,754,1244
9311206,9304225,1993-11-01,936,1244
9311215,9304225,1993-11-02,942,1244
9311212,9304225,1993-11-02,939,1244
9311218,9304225,1993-11-03,943,1244
9311232,9304225,1993-11-05,953,1244
9311243,9304225,1993-11-09,963,1244
9311308,9304225,1993-11-17,1007,1244
9311325,9304225,1993-11-21,1020,1244
9311337,9304225,1993-11-22,1029,1244
9311339,9304225,1993-11-23,1031,1244
9312224,9304225,1993-12-05,1194,1244
9312220,9304225,1993-12-05,1190,1244
9312257,9304225,1993-12-09,1215,1244
9406284,9209289,1993-06-11,265,254
9307247,9209289,1993-07-11,144,254
9310285,9209289,1993-10-14,704,254
9311218,9209289,1993-11-03,943,254
9311337,9209289,1993-11-22,1029,254
9311331,9209289,1993-11-22,1024,254
9311339,9209289,1993-11-23,1031,254
9312233,9209289,1993-12-06,1200,254
9406284,9207236,1993-06-11,265,1435
9307247,9207236,1993-07-11,144,1435
9310285,9207236,1993-10-14,704,1435
9311218,9207236,1993-11-03,943,1435
9311337,9207236,1993-11-22,1029,1435
9311331,9207236,1993-11-22,1024,1435
9311339,9207236,1993-11-23,1031,1435
9312233,9207236,1993-12-06,1200,1435
9406284,9307247,1993-06-11,265,144
9307291,9307247,1993-07-18,166,144
9308246,9307247,1993-08-08,295,144
9308287,9307247,1993-08-17,326,144
9311308,9307247,1993-11-17,1007,144
9312224,9307247,1993-12-05,1194,144
9306264,9207264,1993-06-11,35,1452
9307265,9207264,1993-07-13,156,1452
9310230,9207264,1993-10-05,671,1452
9306263,9211296,1993-06-11,34,614
9307251,9211296,1993-07-12,147,614
9306270,9211262,1993-06-14,37,604
9306308,9211262,1993-06-23,64,604
9307367,9211262,1993-07-29,203,604
9308342,9211262,1993-08-26,362,604
9312278,9211262,1993-12-14,1230,604
9306276,9211310,1993-06-15,39,620
9308321,9211310,1993-08-23,347,620
9311265,9211310,1993-11-10,978,620
9306279,9210242,1993-06-16,42,406
9307208,9210242,1993-07-01,121,406
9307322,9210242,1993-07-22,182,406
9308309,9210242,1993-08-20,339,406
9309304,9210242,1993-09-21,500,406
9311362,9210242,1993-11-24,1048,406
9312251,9210242,1993-12-09,1211,406
9312272,9210242,1993-12-13,1227,406
9306283,9204234,1993-06-17,45,927
9307309,9204234,1993-07-20,175,927
9309223,9204234,1993-09-03,447,927
9310265,9204234,1993-10-11,691,927
9306283,9209215,1993-06-17,45,214
9306297,9209215,1993-06-21,59,214
9309223,9209215,1993-09-03,447,214
9310265,9209215,1993-10-11,691,214
9310363,9209215,1993-10-27,757,214
9310368,9209215,1993-10-28,761,214
9310371,9209215,1993-10-29,763,214
9311227,9209215,1993-11-04,950,214
9311360,9209215,1993-11-24,1047,214
9306287,9305240,1993-06-18,49,1357
9306285,9305212,1993-06-18,47,1340
9306286,9302227,1993-06-18,48,788
9307211,9302227,1993-07-02,124,788
9307226,9302227,1993-07-06,130,788
9308209,9302227,1993-08-02,274,788
9308271,9302227,1993-08-13,315,788
9306292,9207225,1993-06-20,54,1429
9309325,9207225,1993-09-26,512,1429
9306294,9301236,1993-06-21,56,535
9311236,9301236,1993-11-08,956,535
9306293,9212219,1993-06-21,55,850
9306295,9306208,1993-06-21,57,5
9311291,9306208,1993-11-14,995,5
9306302,9210239,1993-06-22,61,403
9308298,9210239,1993-08-19,333,403
9306309,9210240,1993-06-23,65,404
9307211,9210240,1993-07-02,124,404
9307293,9210240,1993-07-19,167,404
9308209,9210240,1993-08-02,274,404
9308323,9210240,1993-08-23,349,404
9309277,9210240,1993-09-16,481,404
9311252,9210240,1993-11-09,969,404
9311362,9210240,1993-11-24,1048,404
9312272,9210240,1993-12-13,1227,404
9306305,9304314,1993-06-23,63,1289
9310309,9304314,1993-10-19,722,1289
9312269,9304314,1993-12-13,1225,1289
9306310,9302265,1993-06-24,66,809
9308226,9302265,1993-08-04,283,809
9310362,9302265,1993-10-27,756,809
9306312,9206221,1993-06-24,68,1303
9308251,9206221,1993-08-10,299,1303
9309207,9206221,1993-09-01,436,1303
9309315,9206221,1993-09-23,506,1303
9311265,9206221,1993-11-10,978,1303
9311356,9206221,1993-11-24,1043,1303
9306322,9301265,1993-06-28,75,550
9307232,9301265,1993-07-08,135,550
9308318,9301265,1993-08-23,345,550
9309202,9301265,1993-09-01,432,550
9310286,9301265,1993-10-14,705,550
9311258,9301265,1993-11-10,973,550
9312210,9301265,1993-12-01,1181,550
9306322,9303204,1993-06-28,75,1066
9310286,9303204,1993-10-14,705,1066
9312210,9303204,1993-12-01,1181,1066
9306321,9304310,1993-06-28,74,1287
9308201,9304310,1993-08-02,266,1287
9311259,9304310,1993-11-10,974,1287
9306334,9302232,1993-06-30,79,790
9307203,9206229,1993-07-01,120,1308
9307208,9210272,1993-07-01,121,421
9307208,9302318,1993-07-01,121,844
9307211,9302318,1993-07-02,124,844
9308323,9302318,1993-08-23,349,844
9308377,9302318,1993-08-31,384,844
9311241,9302318,1993-11-08,961,844
9311340,9302318,1993-11-22,1032,844
9312213,9302318,1993-12-02,1184,844
9312272,9302318,1993-12-13,1227,844
9307211,9303307,1993-07-02,124,1129
9308323,9303307,1993-08-23,349,1129
9312217,9303307,1993-12-03,1187,1129
9307211,9206238,1993-07-02,124,1313
9308209,9206238,1993-08-02,274,1313
9308323,9206238,1993-08-23,349,1313
9308329,9206238,1993-08-24,353,1313
9308335,9206238,1993-08-25,356,1313
9309277,9206238,1993-09-16,481,1313
9311252,9206238,1993-11-09,969,1313
9311269,9206238,1993-11-10,981,1313
9311362,9206238,1993-11-24,1048,1313
9312272,9206238,1993-12-13,1227,1313
9307216,9302269,1993-07-02,127,812
9307307,9302269,1993-07-20,173,812
9308262,9302269,1993-08-11,307,812
9308283,9302269,1993-08-17,323,812
9312209,9302269,1993-12-01,1180,812
9312225,9302269,1993-12-06,1195,812
9307216,9212266,1993-07-02,127,873
9309270,9212266,1993-09-15,477,873
9309272,9212266,1993-09-15,479,873
9309279,9212266,1993-09-17,483,873
9310356,9212266,1993-10-27,751,873
9307209,9209224,1993-07-02,122,217
9307231,9209296,1993-07-07,134,259
9309201,9209296,1993-09-01,431,259
9311231,9209296,1993-11-05,952,259
9312278,9209296,1993-12-14,1230,259
9307235,9208213,1993-07-08,136,87
9309317,9208213,1993-09-23,508,87
9310323,9208213,1993-10-20,729,87
9307232,9303226,1993-07-08,135,1078
9307246,9211227,1993-07-11,143,585
9307247,9410387,1993-07-11,144,1172
9307251,9301253,1993-07-12,147,545
9309220,9301253,1993-09-03,445,545
9307258,9305209,1993-07-13,152,1337
9310303,9305209,1993-10-18,716,1337
9310335,9305209,1993-10-22,738,1337
9307258,9303235,1993-07-13,152,1085
9310303,9303235,1993-10-18,716,1085
9310335,9303235,1993-10-22,738,1085
9307261,9212225,1993-07-13,155,853
9307266,9302208,1993-07-13,157,776
9310203,9302208,1993-10-01,654,776
9307265,9212271,1993-07-13,156,877
9307259,9210277,1993-07-13,153,425
9307313,9210277,1993-07-21,177,425
9308295,9210277,1993-08-18,331,425
9307259,9301252,1993-07-13,153,544
9308330,9301252,1993-08-24,354,544
9310217,9301252,1993-10-04,663,544
9310244,9301252,1993-10-07,678,544
9307268,9212235,1993-07-14,158,861
9308234,9212235,1993-08-06,289,861
9308364,9212235,1993-08-30,378,861
9309320,9212235,1993-09-23,511,861
9310202,9212235,1993-10-01,653,861
9310366,9212235,1993-10-27,759,861
9311278,9212235,1993-11-11,985,861
9311334,9212235,1993-11-22,1027,861
9311346,9212235,1993-11-23,1035,861
9312208,9212235,1993-12-01,1179,861
9312221,9212235,1993-12-05,1191,861
9307275,9303303,1993-07-14,159,1126
9310320,9303303,1993-10-20,728,1126
9311252,9303303,1993-11-09,969,1126
9311281,9303303,1993-11-11,988,1126
9307275,9210251,1993-07-14,159,410
9308233,9210251,1993-08-05,288,410
9310368,9210251,1993-10-28,761,410
9311252,9210251,1993-11-09,969,410
9311251,9210251,1993-11-09,968,410
9307277,9209252,1993-07-15,161,233
9310339,9209252,1993-10-22,741,233
9311224,9209252,1993-11-04,947,233
9307290,9204217,1993-07-17,165,919
9307295,9301289,1993-07-19,168,565
9308258,9301289,1993-08-11,303,565
9308318,9301289,1993-08-23,345,565
9311258,9301289,1993-11-10,973,565
9311257,9301289,1993-11-10,972,565
9307295,9301290,1993-07-19,168,566
9308258,9301290,1993-08-11,303,566
9308318,9301290,1993-08-23,345,566
9311257,9301290,1993-11-10,972,566
9307308,9301291,1993-07-20,174,567
9311310,9301291,1993-11-18,1009,567
9311360,9301291,1993-11-24,1047,567
9312217,9301291,1993-12-03,1187,567
9307308,9212267,1993-07-20,174,874
9311360,9212267,1993-11-24,1047,874
9307307,9305297,1993-07-20,173,1384
9307307,9303224,1993-07-20,173,1076
9307312,9211204,1993-07-21,176,570
9309208,9211204,1993-09-01,437,570
9307322,9303291,1993-07-22,182,1120
9310232,9303291,1993-10-06,673,1120
9311251,9303291,1993-11-09,968,1120
9311269,9303291,1993-11-10,981,1120
9312213,9303291,1993-12-02,1184,1120
9312272,9303291,1993-12-13,1227,1120
9307324,9303238,1993-07-22,183,1088
9309243,9303238,1993-09-08,461,1088
9309266,9303238,1993-09-15,474,1088
9309288,9303238,1993-09-19,487,1088
9311288,9303238,1993-11-12,993,1088
9311297,9303238,1993-11-15,1000,1088
9307329,9207265,1993-07-23,186,1453
9307328,9208260,1993-07-23,185,115
9307328,9209259,1993-07-23,185,239
9307360,9209259,1993-07-29,199,239
9307335,9307210,1993-07-26,191,123
9307335,9303269,1993-07-26,191,1104
9307331,9209261,1993-07-26,188,241
9307336,9208232,1993-07-26,192,97
9307344,9306335,1993-07-27,194,80
9307344,9303320,1993-07-27,194,1135
9311227,9303320,1993-11-04,950,1135
9311281,9303320,1993-11-11,988,1135
9312222,9303320,1993-12-06,1192,1135
9307344,9303217,1993-07-27,194,1072
9307358,9301237,1993-07-28,198,536
9307358,9306291,1993-07-28,198,53
9307367,9303277,1993-07-29,203,1111
9309294,9303277,1993-09-20,493,1111
9307367,9303270,1993-07-29,203,1105
9308209,9303270,1993-08-02,274,1105
9408213,9303270,1993-08-02,649,1105
9308244,9303270,1993-08-08,294,1105
9308266,9303270,1993-08-12,311,1105
9309241,9303270,1993-09-07,459,1105
9309250,9303270,1993-09-09,467,1105
9310212,9303270,1993-10-04,658,1105
9310254,9303270,1993-10-08,685,1105
9310294,9303270,1993-10-15,710,1105
9310332,9303270,1993-10-21,735,1105
9311207,9303270,1993-11-01,937,1105
9311228,9303270,1993-11-04,951,1105
9311372,9303270,1993-11-29,1055,1105
9312262,9303270,1993-12-10,1219,1105
9312272,9303270,1993-12-13,1227,1105
9307363,9208211,1993-07-29,201,85
9307363,9204239,1993-07-29,201,930
9307369,9211332,1993-07-29,204,629
9309311,9211332,1993-09-22,504,629
9307373,9207258,1993-07-30,206,1450
9309222,9207258,1993-09-03,385,1450
9307371,9307327,1993-07-30,205,184
9310308,9307327,1993-10-18,721,184
9308209,9304307,1993-08-02,274,1284
9308363,9304307,1993-08-30,377,1284
9309325,9304307,1993-09-26,512,1284
9310320,9304307,1993-10-20,728,1284
9310366,9304307,1993-10-27,759,1284
9311281,9304307,1993-11-11,988,1284
9312272,9304307,1993-12-13,1227,1284
9308209,9205202,1993-08-02,274,1139
9309319,9205202,1993-09-23,510,1139
9311352,9205202,1993-11-24,1040,1139
9308201,9304240,1993-08-02,266,1253
9311259,9304240,1993-11-10,974,1253
9311370,9304240,1993-11-29,1053,1253
9308205,9207273,1993-08-02,270,1459
9308207,9302248,1993-08-02,272,799
9308206,9302248,1993-08-02,271,799
9408213,9304218,1993-08-02,649,1242
9408213,9307301,1993-08-02,649,172
9311228,9307301,1993-11-04,951,172
9311249,9307301,1993-11-09,966,172
9311269,9307301,1993-11-10,981,172
9312272,9307301,1993-12-13,1227,172
9408213,9311207,1993-08-02,649,937
9408213,9311228,1993-08-02,649,951
9408213,9307364,1993-08-02,649,202
9311357,9307364,1993-11-24,1044,202
9312272,9307364,1993-12-13,1227,202
9312266,9307364,1993-12-13,1223,202
9308202,9211240,1993-08-02,267,592
9308318,9211240,1993-08-23,345,592
9311257,9211240,1993-11-10,972,592
9308211,9301261,1993-08-03,276,549
9311300,9301261,1993-11-16,1002,549
9311312,9301261,1993-11-18,1010,549
9312214,9301261,1993-12-02,1185,549
9308214,9205232,1993-08-03,277,1160
9309257,9205232,1993-09-13,471,1160
9311333,9205232,1993-11-22,1026,1160
9312221,9205232,1993-12-05,1191,1160
9308223,9212301,1993-08-04,281,897
9308231,9305221,1993-08-05,286,1344
9308234,9303317,1993-08-06,289,1133
9308315,9303317,1993-08-21,342,1133
9309320,9303317,1993-09-23,511,1133
9308244,9305267,1993-08-08,294,1371
9312258,9305267,1993-12-10,1216,1371
9308244,9305289,1993-08-08,294,1381
9310294,9305289,1993-10-15,710,1381
9308246,9212289,1993-08-08,295,890
9308287,9212289,1993-08-17,326,890
9311212,9212289,1993-11-02,939,890
9311243,9212289,1993-11-09,963,890
9311337,9212289,1993-11-22,1029,890
9308247,9306227,1993-08-09,296,15
9308250,9212275,1993-08-09,298,879
9308251,9206219,1993-08-10,299,1302
9309207,9206219,1993-09-01,436,1302
9309222,9206219,1993-09-03,385,1302
9309271,9206219,1993-09-15,478,1302
9309315,9206219,1993-09-23,506,1302
9308261,9211243,1993-08-11,306,593
9308261,9212256,1993-08-11,306,869
9308258,9301272,1993-08-11,303,556
9308318,9301272,1993-08-23,345,556
9309202,9301272,1993-09-01,432,556
9308260,9212265,1993-08-11,305,872
9309257,9212265,1993-09-13,471,872
9311282,9212265,1993-11-12,989,872
9308266,9304277,1993-08-12,311,1271
9308323,9304277,1993-08-23,349,1271
9308336,9304277,1993-08-25,357,1271
9309241,9304277,1993-09-07,459,1271
9310212,9304277,1993-10-04,658,1271
9310255,9304277,1993-10-09,686,1271
9310294,9304277,1993-10-15,710,1271
9311207,9304277,1993-11-01,937,1271
9311228,9304277,1993-11-04,951,1271
9311241,9304277,1993-11-08,961,1271
9311269,9304277,1993-11-10,981,1271
9311277,9304277,1993-11-11,984,1271
9312206,9304277,1993-12-01,1177,1271
9308274,9302240,1993-08-13,317,794
9310378,9302240,1993-10-30,768,794
9308275,9302201,1993-08-13,318,770
9308270,9205217,1993-08-13,314,1148
9308297,9205217,1993-08-18,332,1148
9308276,9208220,1993-08-13,319,91
9310217,9208220,1993-10-04,663,91
9310353,9208220,1993-10-26,748,91
9311261,9208220,1993-11-10,976,91
9308278,9210244,1993-08-16,321,408
9309205,9210244,1993-09-01,434,408
9309231,9210244,1993-09-06,452,408
9308280,9208212,1993-08-16,322,86
9308292,9303230,1993-08-18,330,1080
9308363,9303230,1993-08-30,377,1080
9309299,9303230,1993-09-20,497,1080
9310320,9303230,1993-10-20,728,1080
9310366,9303230,1993-10-27,759,1080
9311281,9303230,1993-11-11,988,1080
9308289,9210213,1993-08-18,328,392
9311213,9210213,1993-11-02,940,392
9312276,9210213,1993-12-14,1228,392
9308290,9302313,1993-08-18,329,839
9308305,9302266,1993-08-19,337,810
9308309,9307322,1993-08-20,339,182
9308309,9211281,1993-08-20,339,609
9308308,9209279,1993-08-20,338,251
9308371,9209279,1993-08-31,382,251
9308308,9211311,1993-08-20,338,621
9308337,9211311,1993-08-25,358,621
9308371,9211311,1993-08-31,382,621
9309309,9211311,1993-09-21,502,621
9308313,9308244,1993-08-20,340,294
9308313,9308264,1993-08-20,340,309
9312258,9308264,1993-12-10,1216,309
9308313,9304309,1993-08-20,340,1286
9310216,9304309,1993-10-04,662,1286
9308313,9302209,1993-08-20,340,777
9308315,9302207,1993-08-21,342,775
9311293,9302207,1993-11-15,996,775
9308314,9207242,1993-08-21,341,1441
9308324,9307208,1993-08-23,350,121
9312213,9307208,1993-12-02,1184,121
9308323,9207279,1993-08-23,349,1461
9309281,9207279,1993-09-17,484,1461
9308323,9211286,1993-08-23,349,612
9308336,9211286,1993-08-25,357,612
9311241,9211286,1993-11-08,961,612
9311248,9211286,1993-11-09,965,612
9311277,9211286,1993-11-11,984,612
9312206,9211286,1993-12-01,1177,612
9308326,9211331,1993-08-23,351,628
9310333,9211331,1993-10-21,736,628
9308318,9304312,1993-08-23,345,1288
9308318,9303268,1993-08-23,345,1103
9311258,9303268,1993-11-10,973,1103
9312210,9303268,1993-12-01,1181,1103
9308319,9301218,1993-08-23,346,528
9309333,9301218,1993-09-29,518,528
9311267,9301218,1993-11-10,979,528
9311329,9301218,1993-11-22,1022,528
9311343,9301218,1993-11-23,1033,528
9312281,9301218,1993-12-14,1232,528
9308329,9306309,1993-08-24,353,65
9308327,9307242,1993-08-24,352,139
9310300,9307242,1993-10-18,714,139
9310365,9307242,1993-10-27,758,139
9310369,9307242,1993-10-28,762,139
9310379,9307242,1993-10-31,769,139
9311299,9307242,1993-11-16,1001,139
9308338,9212285,1993-08-25,359,886
9309277,9212285,1993-09-16,481,886
9309298,9212285,1993-09-20,496,886
9309326,9212285,1993-09-27,513,886
9311284,9212285,1993-11-12,990,886
9311313,9212285,1993-11-18,1011,886
9312231,9212285,1993-12-07,1198,886
9312277,9212285,1993-12-14,1229,886
9308348,9211320,1993-08-26,367,624
9311359,9211320,1993-11-24,1046,624
9308345,9205246,1993-08-26,364,1169
9309250,9205246,1993-09-09,467,1169
9308346,9507436,1993-08-26,365,932
9311356,9507436,1993-11-24,1043,932
9308347,9304226,1993-08-26,366,1245
9309248,9304226,1993-09-09,465,1245
9308349,9302244,1993-08-27,368,797
9309236,9302244,1993-09-07,456,797
9311345,9302244,1993-11-23,1034,797
9312266,9302244,1993-12-13,1223,797
9308350,9207251,1993-08-27,369,1446
9308354,9303249,1993-08-28,371,1095
9308359,9302250,1993-08-29,375,800
9309234,9302250,1993-09-07,454,800
9310242,9302250,1993-10-07,676,800
9310276,9302250,1993-10-13,698,800
9308363,9212278,1993-08-30,377,881
9309300,9212278,1993-09-21,498,881
9309325,9212278,1993-09-26,512,881
9309330,9212278,1993-09-28,516,881
9310320,9212278,1993-10-20,728,881
9311281,9212278,1993-11-11,988,881
9312222,9212278,1993-12-06,1192,881
9308363,9303241,1993-08-30,377,1091
9309240,9303241,1993-09-07,458,1091
9309325,9303241,1993-09-26,512,1091
9310274,9303241,1993-10-12,696,1091
9310320,9303241,1993-10-20,728,1091
9312271,9303241,1993-12-13,1226,1091
9308363,9305262,1993-08-30,377,1368
9310320,9305262,1993-10-20,728,1368
9308364,9308265,1993-08-30,378,310
9308364,9308214,1993-08-30,378,277
9308364,9306296,1993-08-30,378,58
9311367,9306296,1993-11-26,1052,58
9308361,9307343,1993-08-30,376,193
9308361,9308346,1993-08-30,376,365
9308365,9205234,1993-08-31,379,1162
9308372,9302257,1993-08-31,383,804
9309205,9303322,1993-09-01,434,1137
9309231,9303322,1993-09-06,452,1137
9309205,9303321,1993-09-01,434,1136
9309205,9211237,1993-09-01,434,590
9309201,9307252,1993-09-01,431,148
9309201,9301231,1993-09-01,431,533
9309214,9301231,1993-09-02,441,533
9312278,9301231,1993-12-14,1230,533
9309211,9304275,1993-09-01,440,1270
9311354,9304275,1993-11-24,1042,1270
9309202,9301283,1993-09-01,432,560
9309210,9212282,1993-09-01,439,884
9310230,9212282,1993-10-05,671,884
9309206,9308299,1993-09-01,435,334
9309278,9308299,1993-09-17,482,334
9309218,9210241,1993-09-03,444,405
9309226,9303239,1993-09-03,449,1089
9309294,9303239,1993-09-20,493,1089
9309222,9303299,1993-09-03,385,1124
9309271,9303299,1993-09-15,478,1124
9309222,9212259,1993-09-03,385,870
9309271,9212259,1993-09-15,478,870
9309231,9301255,1993-09-06,452,546
9309230,9303220,1993-09-06,451,1074
9309235,9305291,1993-09-07,455,1382
9309235,9307336,1993-09-07,455,192
9309235,9307297,1993-09-07,455,169
9309235,9306260,1993-09-07,455,32
9309240,9208241,1993-09-07,458,102
9310256,9208241,1993-10-09,687,102
9310368,9208241,1993-10-28,761,102
9311204,9208241,1993-11-01,934,102
9311359,9208241,1993-11-24,1046,102
9309236,9211304,1993-09-07,456,617
9309233,9210258,1993-09-07,453,415
9309290,9210258,1993-09-20,489,415
9309239,9209223,1993-09-07,457,216
9312217,9209223,1993-12-03,1187,216
9309245,9304282,1993-09-08,462,1273
9309245,9302272,1993-09-08,462,814
9309243,9204226,1993-09-08,461,923
9309266,9204226,1993-09-15,474,923
9309310,9204226,1993-09-21,503,923
9311297,9204226,1993-11-15,1000,923
9309247,9301279,1993-09-09,464,559
9309251,9301238,1993-09-09,468,537
9309254,9308271,1993-09-10,469,315
9309255,9212298,1993-09-11,470,895
9311262,9212298,1993-11-10,977,895
9309257,9301271,1993-09-13,471,555
9309259,9305280,1993-09-13,472,1377
9311219,9305280,1993-11-03,944,1377
9309259,9211257,1993-09-13,472,601
9309266,9304211,1993-09-15,474,1237
9309288,9304211,1993-09-19,487,1237
9309266,9306229,1993-09-15,474,16
9309288,9306229,1993-09-19,487,16
9311297,9306229,1993-11-15,1000,16
9309266,9307324,1993-09-15,474,183
9309288,9307324,1993-09-19,487,183
9309266,9309310,1993-09-15,474,503
9309269,9301277,1993-09-15,476,558
9309272,9211302,1993-09-15,479,615
9310356,9211302,1993-10-27,751,615
9309273,9212311,1993-09-16,480,902
9309278,9309206,1993-09-17,482,435
9309285,9305228,1993-09-17,485,1349
9311280,9305228,1993-11-11,987,1349
9309288,9309266,1993-09-19,487,474
9309289,9212206,1993-09-19,488,264
9311205,9212206,1993-11-01,935,264
9309292,9207257,1993-09-20,491,1449
9311306,9207257,1993-11-17,1005,1449
9311317,9207257,1993-11-19,1014,1449
9309295,9212253,1993-09-20,494,868
9309298,9305335,1993-09-20,496,1404
9310281,9305335,1993-10-13,702,1404
9309301,9209256,1993-09-20,499,236
9309301,9303207,1993-09-20,499,1068
9310309,9303207,1993-10-19,722,1068
9309293,9303274,1993-09-20,492,1109
9310212,9303274,1993-10-04,658,1109
9310292,9303274,1993-10-15,708,1109
9310348,9303274,1993-10-26,745,1109
9311251,9303274,1993-11-09,968,1109
9311269,9303274,1993-11-10,981,1109
9312213,9303274,1993-12-02,1184,1109
9312251,9303274,1993-12-09,1211,1109
9312272,9303274,1993-12-13,1227,1109
9309293,9303202,1993-09-20,492,1064
9310292,9303202,1993-10-15,708,1064
9311225,9303202,1993-11-04,948,1064
9311222,9303202,1993-11-04,945,1064
9311252,9303202,1993-11-09,969,1064
9311251,9303202,1993-11-09,968,1064
9311269,9303202,1993-11-10,981,1064
9312213,9303202,1993-12-02,1184,1064
9312222,9303202,1993-12-06,1192,1064
9312251,9303202,1993-12-09,1211,1064
9312272,9303202,1993-12-13,1227,1064
9309294,9211225,1993-09-20,493,583
9309291,9304302,1993-09-20,490,1281
9309296,9303279,1993-09-20,495,1112
9310294,9303279,1993-10-15,710,1112
9311228,9303279,1993-11-04,951,1112
9309304,9305282,1993-09-21,500,1378
9311340,9305282,1993-11-22,1032,1378
9309310,9206208,1993-09-21,503,1295
9309300,9211209,1993-09-21,498,572
9309316,9301213,1993-09-23,507,525
9309316,9302292,1993-09-23,507,826
9310226,9302292,1993-10-05,668,826
9310273,9302292,1993-10-12,695,826
9310349,9302292,1993-10-25,746,826
9310368,9302292,1993-10-28,761,826
9311359,9302292,1993-11-24,1046,826
9312208,9302292,1993-12-01,1179,826
9309325,9306292,1993-09-26,512,54
9311269,9306292,1993-11-10,981,54
9309327,9309327,1993-09-27,514,514
9309333,9304238,1993-09-29,518,1252
9309334,9303201,1993-09-29,519,1063
9309335,9309299,1993-09-30,520,497
9310205,9303234,1993-10-01,655,1084
9310205,9303233,1993-10-01,655,1083
9310222,9209235,1993-10-04,667,223
9310217,9302203,1993-10-04,663,772
9310324,9302203,1993-10-20,730,772
9310353,9302203,1993-10-26,748,772
9310216,9308287,1993-10-04,662,326
9310220,9303305,1993-10-04,666,1128
9311242,9303305,1993-11-08,962,1128
9310214,9210262,1993-10-04,660,417
9310226,9302261,1993-10-05,668,807
9310226,9211307,1993-10-05,668,619
9310227,9211250,1993-10-05,669,598
9310231,9302231,1993-10-06,672,789
9310237,9303259,1993-10-06,675,1102
9310232,9210228,1993-10-06,673,398
9311366,9210228,1993-11-26,1051,398
9310243,9211276,1993-10-07,677,608
9310248,9207271,1993-10-08,681,1458
9310286,9207271,1993-10-14,705,1458
9310247,9212236,1993-10-08,680,862
9310249,9305227,1993-10-08,682,1348
9310256,9207262,1993-10-09,687,1451
9310263,9209278,1993-10-11,690,250
9310263,9211285,1993-10-11,690,611
9310266,9402286,1993-10-12,692,1173
9310266,9303272,1993-10-12,692,1107
9310272,9306289,1993-10-12,694,51
9310306,9306289,1993-10-18,719,51
9310346,9306289,1993-10-25,743,51
9311255,9306289,1993-11-10,970,51
9311330,9306289,1993-11-22,1023,51
9312237,9306289,1993-12-07,1203,51
9310272,9308263,1993-10-12,694,308
9310272,9309317,1993-10-12,694,508
9310269,9304205,1993-10-12,693,1235
9310368,9304205,1993-10-28,761,1235
9311204,9304205,1993-11-01,934,1235
9311317,9304205,1993-11-19,1014,1235
9311359,9304205,1993-11-24,1046,1235
9312253,9304205,1993-12-09,1212,1235
9310279,9303237,1993-10-13,701,1087
9310278,9211213,1993-10-13,700,574
9310278,9303221,1993-10-13,700,1075
9310281,9302281,1993-10-13,702,820
9310275,9301266,1993-10-13,697,551
9310289,9302294,1993-10-14,706,827
9310290,9210274,1993-10-14,707,422
9310299,9301244,1993-10-15,713,541
9310376,9301244,1993-10-29,767,541
9310299,9305332,1993-10-15,713,1402
9310294,9307249,1993-10-15,710,146
9311228,9307249,1993-11-04,951,146
9311269,9307249,1993-11-10,981,146
9312213,9307249,1993-12-02,1184,146
9310297,9302222,1993-10-17,711,785
9310300,9307244,1993-10-18,714,141
9310365,9307244,1993-10-27,758,141
9310369,9307244,1993-10-28,762,141
9310379,9307244,1993-10-31,769,141
9311299,9307244,1993-11-16,1001,141
9310300,9307241,1993-10-18,714,138
9310365,9307241,1993-10-27,758,138
9310369,9307241,1993-10-28,762,138
9310379,9307241,1993-10-31,769,138
9311299,9307241,1993-11-16,1001,138
9310300,9302274,1993-10-18,714,815
9310300,9303257,1993-10-18,714,1100
9310300,9301295,1993-10-18,714,568
9310300,9307245,1993-10-18,714,142
9310365,9307245,1993-10-27,758,142
9310379,9307245,1993-10-31,769,142
9311299,9307245,1993-11-16,1001,142
9310308,9309245,1993-10-18,721,462
9310308,9304303,1993-10-18,721,1282
9312223,9304303,1993-12-06,1193,1282
9310306,9305322,1993-10-18,719,1399
9310306,9305306,1993-10-18,719,1388
9310346,9305306,1993-10-25,743,1388
9311250,9305306,1993-11-09,967,1388
9312237,9305306,1993-12-07,1203,1388
9312269,9305306,1993-12-13,1225,1388
9310305,9210270,1993-10-18,718,420
9310304,9302213,1993-10-18,717,779
9310313,9901214,1993-10-19,724,1062
9310313,9205213,1993-10-19,724,1146
9310314,9301239,1993-10-19,725,538
9312211,9301239,1993-12-02,1182,538
9310310,9302206,1993-10-19,723,774
9311318,9302206,1993-11-19,1015,774
9310320,9309335,1993-10-20,728,520
9310320,9308363,1993-10-20,728,377
9310320,9304299,1993-10-20,728,1280
9310318,9301270,1993-10-20,727,554
9310329,9302247,1993-10-21,734,798
9311354,9302247,1993-11-24,1042,798
9312243,9302247,1993-12-07,1208,798
9310339,9307277,1993-10-22,741,161
9310349,9307328,1993-10-25,746,185
9310349,9310273,1993-10-25,746,695
9310346,9310272,1993-10-25,743,694
9311250,9310272,1993-11-09,967,694
9310346,9302279,1993-10-25,743,818
9311378,9302279,1993-11-30,1059,818
9310346,9307238,1993-10-25,743,137
9310346,9303248,1993-10-25,743,1094
9310352,9305257,1993-10-26,747,1363
9312211,9305257,1993-12-02,1182,1363
9310356,9306214,1993-10-27,751,9
9310356,9309272,1993-10-27,751,479
9310356,9207223,1993-10-27,751,1427
9310356,9305304,1993-10-27,751,1387
9310366,9212288,1993-10-27,759,889
9312208,9212288,1993-12-01,1179,889
9312221,9212288,1993-12-05,1191,889
9310365,9307243,1993-10-27,758,140
9310379,9307243,1993-10-31,769,140
9311299,9307243,1993-11-16,1001,140
9310362,9212315,1993-10-27,756,903
9310354,9308259,1993-10-27,749,304
9311244,9308259,1993-11-09,964,304
9310357,9305269,1993-10-27,752,1372
9311302,9305269,1993-11-16,1003,1372
9312242,9305269,1993-12-07,1207,1372
9310363,9306297,1993-10-27,757,59
9310375,9305245,1993-10-29,766,1359
9311275,9305245,1993-11-11,982,1359
9310376,9301249,1993-10-29,767,542
9310378,9612284,1993-10-30,768,429
9310378,9308274,1993-10-30,768,317
9310378,9612287,1993-10-30,768,430
9310379,9310365,1993-10-31,769,758
9310379,9310369,1993-10-31,769,762
9311207,9304298,1993-11-01,937,1279
9311241,9304298,1993-11-08,961,1279
9311277,9304298,1993-11-11,984,1279
9312206,9304298,1993-12-01,1177,1279
9311214,9206209,1993-11-02,941,1296
9311213,9210214,1993-11-02,940,393
9312276,9210214,1993-12-14,1228,393
9311213,9210212,1993-11-02,940,391
9312276,9210212,1993-12-14,1228,391
9311208,9306259,1993-11-02,938,31
9311280,9306259,1993-11-11,987,31
9311219,9307356,1993-11-03,944,197
9311219,9306284,1993-11-03,944,46
9311291,9306284,1993-11-14,995,46
9311226,9208240,1993-11-04,949,101
9311223,9303236,1993-11-04,946,1086
9312212,9303236,1993-12-02,1183,1086
9311241,9304216,1993-11-08,961,1240
9311241,9304235,1993-11-08,961,1251
9311277,9304235,1993-11-11,984,1251
9311241,9303231,1993-11-08,961,1081
9311277,9303231,1993-11-11,984,1081
9311240,9209253,1993-11-08,960,234
9311240,9210227,1993-11-08,960,397
9311278,9210227,1993-11-11,985,397
9311240,9211334,1993-11-08,960,630
9311240,9302210,1993-11-08,960,778
9311320,9302210,1993-11-19,1017,778
9311240,9307335,1993-11-08,960,191
9311237,9305225,1993-11-08,957,1347
9311238,9305225,1993-11-08,958,1347
9311252,9304295,1993-11-09,969,1278
9311251,9304295,1993-11-09,968,1278
9311269,9304295,1993-11-10,981,1278
9311249,9308217,1993-11-09,966,279
9311249,9306318,1993-11-09,966,71
9311249,9309249,1993-11-09,966,466
9311248,9306248,1993-11-09,965,26
9311269,9307226,1993-11-10,981,130
9312272,9307226,1993-12-13,1227,130
9311269,9307217,1993-11-10,981,128
9311269,9307201,1993-11-10,981,119
9312272,9307201,1993-12-13,1227,119
9311259,9306310,1993-11-10,974,66
9311259,9308201,1993-11-10,974,266
9311259,9308276,1993-11-10,974,319
9311259,9310282,1993-11-10,974,703
9311257,9301286,1993-11-10,972,562
9311257,9307295,1993-11-10,972,168
9311265,9205218,1993-11-10,978,1149
9311265,9302253,1993-11-10,978,801
9311265,9303286,1993-11-10,978,1118
9311278,9304245,1993-11-11,985,1255
9311346,9304245,1993-11-23,1035,1255
9311278,9208231,1993-11-11,985,96
9312221,9208231,1993-12-05,1191,96
9311278,9304272,1993-11-11,985,1269
9311287,9310216,1993-11-12,992,662
9311287,9308313,1993-11-12,992,340
9311287,9305349,1993-11-12,992,1411
9311287,9311276,1993-11-12,992,983
9311282,9304269,1993-11-12,989,1268
9311291,9306295,1993-11-14,995,57
9311294,9311294,1993-11-15,997,997
9311302,9308238,1993-11-16,1003,291
9311340,9308238,1993-11-22,1032,291
9311302,9308289,1993-11-16,1003,328
9311304,9308337,1993-11-17,1004,358
9311307,9310368,1993-11-17,1006,761
9311307,9310307,1993-11-17,1006,720
9311307,9307317,1993-11-17,1006,180
9311306,9305205,1993-11-17,1005,1333
9311312,9301220,1993-11-18,1010,529
9312214,9301220,1993-12-02,1185,529
9311312,9306235,1993-11-18,1010,18
9312214,9306235,1993-12-02,1185,18
9311312,9210256,1993-11-18,1010,413
9312214,9210256,1993-12-02,1185,413
9311316,9304262,1993-11-19,1013,1263
9311318,9305324,1993-11-19,1015,1400
9311319,9303215,1993-11-19,1016,1070
9311315,9302310,1993-11-19,1012,837
9311322,9303205,1993-11-19,1018,1067
9311378,9303205,1993-11-30,1059,1067
9311340,9311269,1993-11-22,1032,981
9311340,9308309,1993-11-22,1032,339
9311340,9308335,1993-11-22,1032,356
9311338,9210233,1993-11-22,1030,401
9311338,9211292,1993-11-22,1030,613
9311332,9305321,1993-11-22,1025,1398
9312212,9305321,1993-12-02,1183,1398
9311346,9307268,1993-11-23,1035,158
9311346,9305201,1993-11-23,1035,1330
9311351,9311351,1993-11-23,1039,1039
9311343,9306219,1993-11-23,1033,11
9311350,9210276,1993-11-23,1038,424
9311349,9308226,1993-11-23,1037,283
9311353,9210243,1993-11-24,1041,407
9311353,9206235,1993-11-24,1041,1311
9311353,9304234,1993-11-24,1041,1250
9311359,9302316,1993-11-24,1046,842
9311359,9306252,1993-11-24,1046,28
9311358,9212264,1993-11-24,1045,871
9312204,9212264,1993-12-01,1176,871
9311365,9211221,1993-11-25,1050,579
9311364,9306216,1993-11-25,1049,10
9311372,9304308,1993-11-29,1055,1285
9311372,9306271,1993-11-29,1055,38
9312201,9306271,1993-11-30,1174,38
9311376,9301202,1993-11-30,1057,521
9311379,9212307,1993-11-30,1060,899
9312207,9212307,1993-12-01,1178,899
9311378,9311260,1993-11-30,1059,975
9311375,9306236,1993-11-30,1056,19
9312206,9307347,1993-12-01,1177,195
9312208,9305345,1993-12-01,1179,1409
9312221,9305345,1993-12-05,1191,1409
9312208,9212224,1993-12-01,1179,852
9312210,9303216,1993-12-01,1181,1071
9312210,9209260,1993-12-01,1181,240
9312238,9209260,1993-12-07,1204,240
9312214,9311300,1993-12-02,1185,1002
9312263,9311300,1993-12-12,1220,1002
9312214,9311312,1993-12-02,1185,1010
9312213,9301204,1993-12-02,1184,522
9312213,9306204,1993-12-02,1184,2
9312217,9302267,1993-12-03,1187,811
9312218,9301226,1993-12-03,1188,531
9312218,9308330,1993-12-03,1188,354
9312218,9305239,1993-12-03,1188,1356
9312218,9304249,1993-12-03,1188,1257
9312219,9308284,1993-12-04,1189,324
9312221,9303282,1993-12-05,1191,1115
9312224,9311215,1993-12-05,1194,942
9312227,9306320,1993-12-06,1196,73
9312227,9309270,1993-12-06,1196,477
9312227,9311309,1993-12-06,1196,1008
9312227,9304319,1993-12-06,1196,1290
9312227,9307260,1993-12-06,1196,154
9312232,9306290,1993-12-06,1199,52
9312232,9306264,1993-12-06,1199,35
9312231,9308203,1993-12-07,1198,268
9312231,9508390,1993-12-07,1198,1171
9312235,9302302,1993-12-07,1202,833
9312235,9305287,1993-12-07,1202,1380
9312239,9310337,1993-12-07,1205,739
9312245,9302298,1993-12-08,1209,829
9312255,9302298,1993-12-09,1214,829
9312255,9302300,1993-12-09,1214,831
9312254,9207256,1993-12-09,1213,1448
9312280,9207256,1993-12-14,1231,1448
9312258,9305348,1993-12-10,1216,1410
9312269,9310309,1993-12-13,1225,722
9312269,9303271,1993-12-13,1225,1106
9312266,9303284,1993-12-13,1223,1116
9312278,9304209,1993-12-14,1230,1236
9312278,9304255,1993-12-14,1230,1259
9312278,9306209,1993-12-14,1230,6
9312278,9308342,1993-12-14,1230,362
9312278,9302284,1993-12-14,1230,822
9312278,9301288,1993-12-14,1230,564
9312281,9311205,1993-12-14,1232,935
9312281,9309289,1993-12-14,1232,488
9312282,9308292,1993-12-14,1233,330
9312282,9210219,1993-12-14,1233,394
